BEGIN TRANSACTION;
CREATE TABLE appointments (
	appointment_id INTEGER NOT NULL, 
	horse_id INTEGER, 
	owner_id INTEGER, 
	vet_id INTEGER, 
	location_id INTEGER, 
	appointment_datetime DATETIME DEFAULT (CURRENT_TIMESTAMP) NOT NULL, 
	duration_minutes INTEGER, 
	reason VARCHAR(255), 
	notes TEXT, 
	status VARCHAR(50), 
	is_confirmed BOOLEAN, 
	created_date DATETIME NOT NULL, 
	modified_date DATETIME NOT NULL, 
	created_by VARCHAR(50), 
	modified_by VARCHAR(50), 
	PRIMARY KEY (appointment_id), 
	FOREIGN KEY(horse_id) REFERENCES horses (horse_id), 
	FOREIGN KEY(owner_id) REFERENCES owners (owner_id), 
	FOREIGN KEY(vet_id) REFERENCES veterinarians (vet_id), 
	FOREIGN KEY(location_id) REFERENCES locations (location_id)
);
CREATE TABLE charge_code_categories (
	category_id INTEGER NOT NULL, 
	name VARCHAR(100) NOT NULL, 
	parent_id INTEGER, 
	level INTEGER NOT NULL, 
	is_active BOOLEAN NOT NULL, 
	created_date DATETIME NOT NULL, 
	modified_date DATETIME NOT NULL, 
	created_by VARCHAR(50), 
	modified_by VARCHAR(50), 
	PRIMARY KEY (category_id), 
	FOREIGN KEY(parent_id) REFERENCES charge_code_categories (category_id)
);
INSERT INTO "charge_code_categories" VALUES(1,'ANTHELMINTICS',NULL,1,1,'2025-06-10 16:37:03.528964','2025-06-10 16:37:03.528964','system_init','system_init');
INSERT INTO "charge_code_categories" VALUES(2,'ADMINISTERED',1,2,1,'2025-06-10 16:37:03.530963','2025-06-10 16:37:03.530963','system_init','system_init');
INSERT INTO "charge_code_categories" VALUES(3,'DISPENSED',1,2,1,'2025-06-10 16:37:03.532963','2025-06-10 16:37:03.532963','system_init','system_init');
INSERT INTO "charge_code_categories" VALUES(4,'CALL FEES',NULL,1,1,'2025-06-10 16:37:03.532963','2025-06-10 16:37:03.532963','system_init','system_init');
INSERT INTO "charge_code_categories" VALUES(5,'DIAGNOSTIC PROCEDURES',NULL,1,1,'2025-06-10 16:37:03.533963','2025-06-10 16:37:03.533963','system_init','system_init');
INSERT INTO "charge_code_categories" VALUES(6,'NERVE BLOCKS',5,2,1,'2025-06-10 16:37:03.533963','2025-06-10 16:37:03.533963','system_init','system_init');
INSERT INTO "charge_code_categories" VALUES(7,'JOINT BLOCKS',5,2,1,'2025-06-10 16:37:03.534963','2025-06-10 16:37:03.534963','system_init','system_init');
INSERT INTO "charge_code_categories" VALUES(8,'RADIOLOGY - FRONT LEG',5,2,1,'2025-06-10 16:37:03.534963','2025-06-10 16:37:03.534963','system_init','system_init');
INSERT INTO "charge_code_categories" VALUES(9,'RADIOLOGY - HIND LEG',5,2,1,'2025-06-10 16:37:03.535963','2025-06-10 16:37:03.535963','system_init','system_init');
INSERT INTO "charge_code_categories" VALUES(10,'RADIOLOGY - OTHER',5,2,1,'2025-06-10 16:37:03.537962','2025-06-10 16:37:03.537962','system_init','system_init');
INSERT INTO "charge_code_categories" VALUES(11,'ULTRASOUND EXAM OF EXTREMITIES',5,2,1,'2025-06-10 16:37:03.538962','2025-06-10 16:37:03.538962','system_init','system_init');
INSERT INTO "charge_code_categories" VALUES(12,'OTHER',5,2,1,'2025-06-10 16:37:03.538962','2025-06-10 16:37:03.538962','system_init','system_init');
INSERT INTO "charge_code_categories" VALUES(13,'EXAMINATIONS',NULL,1,1,'2025-06-10 16:37:03.539964','2025-06-10 16:37:03.539964','system_init','system_init');
INSERT INTO "charge_code_categories" VALUES(14,'SICK HORSE EXAMS',13,2,1,'2025-06-10 16:37:03.539964','2025-06-10 16:37:03.539964','system_init','system_init');
INSERT INTO "charge_code_categories" VALUES(15,'OTHER EXAMS',13,2,1,'2025-06-10 16:37:03.540961','2025-06-10 16:37:03.540961','system_init','system_init');
INSERT INTO "charge_code_categories" VALUES(16,'IMMUNIZATIONS',NULL,1,1,'2025-06-10 16:37:03.540961','2025-06-10 16:37:03.540961','system_init','system_init');
INSERT INTO "charge_code_categories" VALUES(17,'HORSE',16,2,1,'2025-06-10 16:37:03.541962','2025-06-10 16:37:03.541962','system_init','system_init');
INSERT INTO "charge_code_categories" VALUES(18,'LABORATORY PROCEDURES',NULL,1,1,'2025-06-10 16:37:03.541962','2025-06-10 16:37:03.541962','system_init','system_init');
INSERT INTO "charge_code_categories" VALUES(19,'BLOOD WORK',18,2,1,'2025-06-10 16:37:03.542962','2025-06-10 16:37:03.542962','system_init','system_init');
INSERT INTO "charge_code_categories" VALUES(20,'OTHER',18,2,1,'2025-06-10 16:37:03.542962','2025-06-10 16:37:03.542962','system_init','system_init');
INSERT INTO "charge_code_categories" VALUES(21,'MEDICATION ADMINISTERED',NULL,1,1,'2025-06-10 16:37:03.543962','2025-06-10 16:37:03.543962','system_init','system_init');
INSERT INTO "charge_code_categories" VALUES(22,'ANABOLIC STEROIDS',21,2,1,'2025-06-10 16:37:03.543962','2025-06-10 16:37:03.543962','system_init','system_init');
INSERT INTO "charge_code_categories" VALUES(23,'ANTIBIOTICS',21,2,1,'2025-06-10 16:37:03.544962','2025-06-10 16:37:03.544962','system_init','system_init');
INSERT INTO "charge_code_categories" VALUES(24,'DIURETICS',21,2,1,'2025-06-10 16:37:03.544962','2025-06-10 16:37:03.544962','system_init','system_init');
INSERT INTO "charge_code_categories" VALUES(25,'FLUIDS ADMINISTERED',21,2,1,'2025-06-10 16:37:03.545963','2025-06-10 16:37:03.545963','system_init','system_init');
INSERT INTO "charge_code_categories" VALUES(26,'GASTROINTESTINAL TREATMENTS',21,2,1,'2025-06-10 16:37:03.545963','2025-06-10 16:37:03.545963','system_init','system_init');
INSERT INTO "charge_code_categories" VALUES(27,'INTRA-ARTICULAR INJECTIONS',21,2,1,'2025-06-10 16:37:03.546963','2025-06-10 16:37:03.546963','system_init','system_init');
INSERT INTO "charge_code_categories" VALUES(28,'OTHER HORMONES',21,2,1,'2025-06-10 16:37:03.546963','2025-06-10 16:37:03.546963','system_init','system_init');
INSERT INTO "charge_code_categories" VALUES(29,'NON-ARTICULAR INJECTIONS',21,2,1,'2025-06-10 16:37:03.547964','2025-06-10 16:37:03.547964','system_init','system_init');
INSERT INTO "charge_code_categories" VALUES(30,'NSAID''S ANALGESICS',21,2,1,'2025-06-10 16:37:03.547964','2025-06-10 16:37:03.547964','system_init','system_init');
INSERT INTO "charge_code_categories" VALUES(31,'TRANQUILIZERS & ANESTHETICS',21,2,1,'2025-06-10 16:37:03.548962','2025-06-10 16:37:03.548962','system_init','system_init');
INSERT INTO "charge_code_categories" VALUES(32,'VITAMINS',21,2,1,'2025-06-10 16:37:03.548962','2025-06-10 16:37:03.548962','system_init','system_init');
INSERT INTO "charge_code_categories" VALUES(33,'OTHER',21,2,1,'2025-06-10 16:37:03.549962','2025-06-10 16:37:03.549962','system_init','system_init');
INSERT INTO "charge_code_categories" VALUES(34,'MEDICATIONS DISPENSED',NULL,1,1,'2025-06-10 16:37:03.549962','2025-06-10 16:37:03.549962','system_init','system_init');
INSERT INTO "charge_code_categories" VALUES(35,'OTHER HORMONES',34,2,1,'2025-06-10 16:37:03.550962','2025-06-10 16:37:03.550962','system_init','system_init');
INSERT INTO "charge_code_categories" VALUES(36,'ANTIBIOTICS - PENICILLINS',34,2,1,'2025-06-10 16:37:03.550962','2025-06-10 16:37:03.550962','system_init','system_init');
INSERT INTO "charge_code_categories" VALUES(37,'ANTIBIOTICS - OTHER',34,2,1,'2025-06-10 16:37:03.551962','2025-06-10 16:37:03.551962','system_init','system_init');
INSERT INTO "charge_code_categories" VALUES(38,'BANDAGES & MATERIALS',34,2,1,'2025-06-10 16:37:03.553962','2025-06-10 16:37:03.553962','system_init','system_init');
INSERT INTO "charge_code_categories" VALUES(39,'DERMATITIS/TOPICAL ANTISEPTICS',34,2,1,'2025-06-10 16:37:03.554962','2025-06-10 16:37:03.554962','system_init','system_init');
INSERT INTO "charge_code_categories" VALUES(40,'DIURETICS',34,2,1,'2025-06-10 16:37:03.554962','2025-06-10 16:37:03.554962','system_init','system_init');
INSERT INTO "charge_code_categories" VALUES(41,'FLUIDS',34,2,1,'2025-06-10 16:37:03.555962','2025-06-10 16:37:03.555962','system_init','system_init');
INSERT INTO "charge_code_categories" VALUES(42,'G.I. MEDICATIONS',34,2,1,'2025-06-10 16:37:03.555962','2025-06-10 16:37:03.555962','system_init','system_init');
INSERT INTO "charge_code_categories" VALUES(43,'INJECTABLE NSAID''S',34,2,1,'2025-06-10 16:37:03.556962','2025-06-10 16:37:03.556962','system_init','system_init');
INSERT INTO "charge_code_categories" VALUES(44,'OTHER INJECTABLE ANTI-INFLAM.',34,2,1,'2025-06-10 16:37:03.556962','2025-06-10 16:37:03.556962','system_init','system_init');
INSERT INTO "charge_code_categories" VALUES(45,'INTRA-ARTICULAR PRODUCTS',34,2,1,'2025-06-10 16:37:03.557962','2025-06-10 16:37:03.557962','system_init','system_init');
INSERT INTO "charge_code_categories" VALUES(46,'LEG PREPARATIONS',34,2,1,'2025-06-10 16:37:03.557962','2025-06-10 16:37:03.557962','system_init','system_init');
INSERT INTO "charge_code_categories" VALUES(47,'NEEDLES & SYRINGES',34,2,1,'2025-06-10 16:37:03.558962','2025-06-10 16:37:03.558962','system_init','system_init');
INSERT INTO "charge_code_categories" VALUES(48,'ORAL NSAID''S',34,2,1,'2025-06-10 16:37:03.558962','2025-06-10 16:37:03.558962','system_init','system_init');
INSERT INTO "charge_code_categories" VALUES(49,'OTHER ORAL ANTI-INFLAM.',34,2,1,'2025-06-10 16:37:03.559961','2025-06-10 16:37:03.559961','system_init','system_init');
INSERT INTO "charge_code_categories" VALUES(50,'OPHTHALMIC DRUGS',34,2,1,'2025-06-10 16:37:03.559961','2025-06-10 16:37:03.559961','system_init','system_init');
INSERT INTO "charge_code_categories" VALUES(51,'RESPIRATORY DRUGS',34,2,1,'2025-06-10 16:37:03.560964','2025-06-10 16:37:03.560964','system_init','system_init');
INSERT INTO "charge_code_categories" VALUES(52,'TOPICAL MEDICATIONS',34,2,1,'2025-06-10 16:37:03.560964','2025-06-10 16:37:03.560964','system_init','system_init');
INSERT INTO "charge_code_categories" VALUES(53,'TRANQUILIZERS & MUSCLE RELAX.',34,2,1,'2025-06-10 16:37:03.561963','2025-06-10 16:37:03.561963','system_init','system_init');
INSERT INTO "charge_code_categories" VALUES(54,'VITAMINS',34,2,1,'2025-06-10 16:37:03.561963','2025-06-10 16:37:03.561963','system_init','system_init');
INSERT INTO "charge_code_categories" VALUES(55,'NON-VITAMIN FEED SUPPLEMENTS',34,2,1,'2025-06-10 16:37:03.562962','2025-06-10 16:37:03.562962','system_init','system_init');
INSERT INTO "charge_code_categories" VALUES(56,'OTHER',34,2,1,'2025-06-10 16:37:03.562962','2025-06-10 16:37:03.562962','system_init','system_init');
INSERT INTO "charge_code_categories" VALUES(57,'REPRODUCTIVE PROCEDURES',NULL,1,1,'2025-06-10 16:37:03.562962','2025-06-10 16:37:03.562962','system_init','system_init');
INSERT INTO "charge_code_categories" VALUES(58,'GENERAL BROODMARE WORK',57,2,1,'2025-06-10 16:37:03.563962','2025-06-10 16:37:03.563962','system_init','system_init');
INSERT INTO "charge_code_categories" VALUES(59,'SURGICAL PROCEDURES',NULL,1,1,'2025-06-10 16:37:03.563962','2025-06-10 16:37:03.563962','system_init','system_init');
INSERT INTO "charge_code_categories" VALUES(60,'VET. PROCEDURES & SERVICES',NULL,1,1,'2025-06-10 16:37:03.564962','2025-06-10 16:37:03.564962','system_init','system_init');
INSERT INTO "charge_code_categories" VALUES(61,'BANDAGING',60,2,1,'2025-06-10 16:37:03.564962','2025-06-10 16:37:03.564962','system_init','system_init');
INSERT INTO "charge_code_categories" VALUES(62,'OTHER',60,2,1,'2025-06-10 16:37:03.565961','2025-06-10 16:37:03.565961','system_init','system_init');
INSERT INTO "charge_code_categories" VALUES(63,'OTHER',NULL,1,1,'2025-06-10 16:37:03.565961','2025-06-10 16:37:03.565961','system_init','system_init');
CREATE TABLE charge_codes (
	id INTEGER NOT NULL, 
	code VARCHAR(20) NOT NULL, 
	alternate_code VARCHAR(50), 
	description VARCHAR(255) NOT NULL, 
	category_id INTEGER, 
	standard_charge NUMERIC(10, 2) NOT NULL, 
	is_active BOOLEAN NOT NULL, 
	taxable BOOLEAN, 
	created_date DATETIME NOT NULL, 
	modified_date DATETIME NOT NULL, 
	created_by VARCHAR(50), 
	modified_by VARCHAR(50), 
	PRIMARY KEY (id), 
	FOREIGN KEY(category_id) REFERENCES charge_code_categories (category_id)
);
INSERT INTO "charge_codes" VALUES(1,'9991','IVO','IVERMECTIN AND PRAZIQUANTEL',2,25,1,0,'2025-06-10 16:37:03.836277','2025-06-10 16:37:03.836277','system_init','system_init');
INSERT INTO "charge_codes" VALUES(2,'413','PWBEN','PASTE WORM WITH BENZELMIN',2,14,1,0,'2025-06-10 16:37:03.836277','2025-06-10 16:37:03.836277','system_init','system_init');
INSERT INTO "charge_codes" VALUES(3,'412','PWPAN','PASTE WORM WITH FENBENDAZOLE',2,24,1,0,'2025-06-10 16:37:03.836277','2025-06-10 16:37:03.836277','system_init','system_init');
INSERT INTO "charge_codes" VALUES(4,'414','PWPP','PASTE WORM WITH PYRANTAL PAMOATE',2,12,1,0,'2025-06-10 16:37:03.836277','2025-06-10 16:37:03.836277','system_init','system_init');
INSERT INTO "charge_codes" VALUES(5,'107','PPP','TREATMENT WITH PANACUR POWER PAC',2,90,1,0,'2025-06-10 16:37:03.836277','2025-06-10 16:37:03.836277','system_init','system_init');
INSERT INTO "charge_codes" VALUES(6,'576','Q','TREATMENT WITH QUEST',2,25,1,0,'2025-06-10 16:37:03.836277','2025-06-10 16:37:03.836277','system_init','system_init');
INSERT INTO "charge_codes" VALUES(7,'405','TW2X','TUBE WORM WITH DOUBLE DOSE OF PANACUR OR STRONGID T',2,60,1,0,'2025-06-10 16:37:03.836277','2025-06-10 16:37:03.836277','system_init','system_init');
INSERT INTO "charge_codes" VALUES(8,'400','TWBQ','TUBE WORM WITH EQUIZOLE A',2,18,1,0,'2025-06-10 16:37:03.836277','2025-06-10 16:37:03.836277','system_init','system_init');
INSERT INTO "charge_codes" VALUES(9,'403','TWPAN','TUBE WORM WITH FENBENDAZOLE',2,20,1,0,'2025-06-10 16:37:03.836277','2025-06-10 16:37:03.836277','system_init','system_init');
INSERT INTO "charge_codes" VALUES(10,'402','TWPP','TUBE WORM WITH PYRANTAL PAMOATE',2,20,1,0,'2025-06-10 16:37:03.836277','2025-06-10 16:37:03.836277','system_init','system_init');
INSERT INTO "charge_codes" VALUES(11,'406','TW10X','TUBE WORM WITH TEN TIMES DOSE OF PANACUR',2,70,1,0,'2025-06-10 16:37:03.836277','2025-06-10 16:37:03.836277','system_init','system_init');
INSERT INTO "charge_codes" VALUES(12,'420','WORM','WORM',2,20,1,0,'2025-06-10 16:37:03.836277','2025-06-10 16:37:03.836277','system_init','system_init');
INSERT INTO "charge_codes" VALUES(13,'109','W2X','WORM WITH DOUBLE DOSE STRONGID OR PANACUR',2,24,1,0,'2025-06-10 16:37:03.836277','2025-06-10 16:37:03.836277','system_init','system_init');
INSERT INTO "charge_codes" VALUES(14,'411','PWIV','WORM WITH IVERMECTIN',2,20,1,0,'2025-06-10 16:37:03.836277','2025-06-10 16:37:03.836277','system_init','system_init');
INSERT INTO "charge_codes" VALUES(15,'9634','STRC','25 LB PAIL OF STRONGID C 2X PELLETS',3,100,1,0,'2025-06-10 16:37:03.836277','2025-06-10 16:37:03.836277','system_init','system_init');
INSERT INTO "charge_codes" VALUES(16,'424','DBEN','BENZELMIN PASTE',3,15,1,0,'2025-06-10 16:37:03.836277','2025-06-10 16:37:03.836277','system_init','system_init');
INSERT INTO "charge_codes" VALUES(17,'39','STRC2X','BUCKET OF STRONGID C 2X PELLETS',3,100,1,0,'2025-06-10 16:37:03.836277','2025-06-10 16:37:03.836277','system_init','system_init');
INSERT INTO "charge_codes" VALUES(18,'426','DPANL','DISPENSE PANACUR LIQUID 1000 ML',3,240,1,0,'2025-06-10 16:37:03.836277','2025-06-10 16:37:03.836277','system_init','system_init');
INSERT INTO "charge_codes" VALUES(19,'581','DQUEST','DISPENSE QUEST',3,200,1,0,'2025-06-10 16:37:03.836277','2025-06-10 16:37:03.836277','system_init','system_init');
INSERT INTO "charge_codes" VALUES(20,'429','DWORM','DISPENSE WORMER',3,11,1,0,'2025-06-10 16:37:03.836277','2025-06-10 16:37:03.836277','system_init','system_init');
INSERT INTO "charge_codes" VALUES(21,'425','DEQV','EQVALAN PASTE',3,15,1,0,'2025-06-10 16:37:03.836277','2025-06-10 16:37:03.836277','system_init','system_init');
INSERT INTO "charge_codes" VALUES(22,'423','DPAN','PANACUR PASTE',3,20,1,0,'2025-06-10 16:37:03.836277','2025-06-10 16:37:03.836277','system_init','system_init');
INSERT INTO "charge_codes" VALUES(23,'422','PPPT','PYRANTAL PAMOATE 1 PINT',3,40,1,0,'2025-06-10 16:37:03.836277','2025-06-10 16:37:03.836277','system_init','system_init');
INSERT INTO "charge_codes" VALUES(24,'650','AF','ATTEND FOALING',4,100,1,0,'2025-06-10 16:37:03.836277','2025-06-10 16:37:03.836277','system_init','system_init');
INSERT INTO "charge_codes" VALUES(25,'101','EFC','EMERGENCY FARM CALL',4,100,1,0,'2025-06-10 16:37:03.836277','2025-06-10 16:37:03.836277','system_init','system_init');
INSERT INTO "charge_codes" VALUES(26,'100','FC','FARM CALL',4,60,1,0,'2025-06-10 16:37:03.836277','2025-06-10 16:37:03.836277','system_init','system_init');
INSERT INTO "charge_codes" VALUES(27,'103','NFC','NO FARM CALL CHARGE',4,0,1,0,'2025-06-10 16:37:03.836277','2025-06-10 16:37:03.836277','system_init','system_init');
INSERT INTO "charge_codes" VALUES(28,'102','PFC','PARTIAL FARM CALL',4,10,1,0,'2025-06-10 16:37:03.836277','2025-06-10 16:37:03.836277','system_init','system_init');
INSERT INTO "charge_codes" VALUES(29,'32','BLBS','DIAGNOSTIC BASISESMOID NERVE BLOCK',6,50,1,0,'2025-06-10 16:37:03.836277','2025-06-10 16:37:03.836277','system_init','system_init');
INSERT INTO "charge_codes" VALUES(30,'33','BLHV','DIAGNOSTIC HIGH VOLAR NERVE BLOCK',6,50,1,0,'2025-06-10 16:37:03.836277','2025-06-10 16:37:03.836277','system_init','system_init');
INSERT INTO "charge_codes" VALUES(31,'35','BLLV','DIAGNOSTIC LOW VOLAR NERVE BLOCK',6,50,1,0,'2025-06-10 16:37:03.836277','2025-06-10 16:37:03.836277','system_init','system_init');
INSERT INTO "charge_codes" VALUES(32,'31','BLN','DIAGNOSTIC NERVE BLOCK',6,20,1,0,'2025-06-10 16:37:03.836277','2025-06-10 16:37:03.836277','system_init','system_init');
INSERT INTO "charge_codes" VALUES(33,'34','BLIA','DIAGNOSTIC INTRA-ARTICULAR BLOCK',7,50,1,0,'2025-06-10 16:37:03.836277','2025-06-10 16:37:03.836277','system_init','system_init');
INSERT INTO "charge_codes" VALUES(34,'3','XLA','RADIOGRAPH LEFT FRONT FETLOCK',8,75,1,0,'2025-06-10 16:37:03.836277','2025-06-10 16:37:03.836277','system_init','system_init');
INSERT INTO "charge_codes" VALUES(35,'5','XLC','RADIOGRAPH LEFT FRONT CANNON BONE AND SPLINTS',8,60,1,0,'2025-06-10 16:37:03.836277','2025-06-10 16:37:03.836277','system_init','system_init');
INSERT INTO "charge_codes" VALUES(36,'1','XLF','RADIOGRAPH OF LEFT FRONT FOOT',8,80,1,0,'2025-06-10 16:37:03.836277','2025-06-10 16:37:03.836277','system_init','system_init');
INSERT INTO "charge_codes" VALUES(37,'7','XLK','RADIOGRAPH OF LEFT KNEE',8,90,1,0,'2025-06-10 16:37:03.836277','2025-06-10 16:37:03.836277','system_init','system_init');
INSERT INTO "charge_codes" VALUES(38,'8','XRK','RADIOGRAPH OF RIGHT KNEE',8,90,1,0,'2025-06-10 16:37:03.836277','2025-06-10 16:37:03.836277','system_init','system_init');
INSERT INTO "charge_codes" VALUES(39,'6','XRC','RADIOGRAPH RIGHT FRONT CANNON BONE AND SPLINTS',8,60,1,0,'2025-06-10 16:37:03.836277','2025-06-10 16:37:03.836277','system_init','system_init');
INSERT INTO "charge_codes" VALUES(40,'4','XRA','RADIOGRAPH RIGHT FRONT FETLOCK',8,75,1,0,'2025-06-10 16:37:03.836277','2025-06-10 16:37:03.836277','system_init','system_init');
INSERT INTO "charge_codes" VALUES(41,'2','XRF','RADIOGRAPH RIGHT FRONT FOOT',8,80,1,0,'2025-06-10 16:37:03.836277','2025-06-10 16:37:03.836277','system_init','system_init');
INSERT INTO "charge_codes" VALUES(42,'9','XLHC','RADIOGRAPH LEFT HIND CANNON AND SPLINTS',9,60,1,0,'2025-06-10 16:37:03.836277','2025-06-10 16:37:03.836277','system_init','system_init');
INSERT INTO "charge_codes" VALUES(43,'13','XLHA','RADIOGRAPH LEFT HIND FETLOCK',9,75,1,0,'2025-06-10 16:37:03.836277','2025-06-10 16:37:03.836277','system_init','system_init');
INSERT INTO "charge_codes" VALUES(44,'15','XLHF','RADIOGRAPH LEFT HIND FOOT',9,80,1,0,'2025-06-10 16:37:03.836277','2025-06-10 16:37:03.836277','system_init','system_init');
INSERT INTO "charge_codes" VALUES(45,'11','XLH','RADIOGRAPH LEFT HOCK',9,75,1,0,'2025-06-10 16:37:03.836277','2025-06-10 16:37:03.836277','system_init','system_init');
INSERT INTO "charge_codes" VALUES(46,'17','XLS','RADIOGRAPH LEFT STIFLE',9,75,1,0,'2025-06-10 16:37:03.836277','2025-06-10 16:37:03.836277','system_init','system_init');
INSERT INTO "charge_codes" VALUES(47,'10','XRHC','RADIOGRAPH RIGHT HIND CANNON AND SPLINTS',9,60,1,0,'2025-06-10 16:37:03.836277','2025-06-10 16:37:03.836277','system_init','system_init');
INSERT INTO "charge_codes" VALUES(48,'14','XRHA','RADIOGRAPH RIGHT HIND FETLOCK',9,75,1,0,'2025-06-10 16:37:03.836277','2025-06-10 16:37:03.836277','system_init','system_init');
INSERT INTO "charge_codes" VALUES(49,'16','XRHF','RADIOGRAPH RIGHT HIND FOOT',9,80,1,0,'2025-06-10 16:37:03.836277','2025-06-10 16:37:03.836277','system_init','system_init');
INSERT INTO "charge_codes" VALUES(50,'12','XRH','RADIOGRAPH RIGHT HOCK',9,75,1,0,'2025-06-10 16:37:03.836277','2025-06-10 16:37:03.836277','system_init','system_init');
INSERT INTO "charge_codes" VALUES(51,'18','XRS','RADIOGRAPH RIGHT STIFLE',9,75,1,0,'2025-06-10 16:37:03.836277','2025-06-10 16:37:03.836277','system_init','system_init');
INSERT INTO "charge_codes" VALUES(52,'20','X','RADIOGRAPHS MULTIPLE VIEWS',10,15,1,0,'2025-06-10 16:37:03.836277','2025-06-10 16:37:03.836277','system_init','system_init');
INSERT INTO "charge_codes" VALUES(53,'40','UOTHER','ULTRASOUND EXAM ON LEG',11,175,1,0,'2025-06-10 16:37:03.836277','2025-06-10 16:37:03.836277','system_init','system_init');
INSERT INTO "charge_codes" VALUES(54,'1017','EPMT','BLOOD FOR EPM TEST',12,150,1,0,'2025-06-10 16:37:03.836277','2025-06-10 16:37:03.836277','system_init','system_init');
INSERT INTO "charge_codes" VALUES(55,'41','SCOPE','ENDOSCOPIC EXAMINATION OF UPPER AIRWAY',12,50,1,0,'2025-06-10 16:37:03.836277','2025-06-10 16:37:03.836277','system_init','system_init');
INSERT INTO "charge_codes" VALUES(56,'7732','FEC','FECAL SCREEN FOR PARASITE OVA',12,20,1,0,'2025-06-10 16:37:03.836277','2025-06-10 16:37:03.836277','system_init','system_init');
INSERT INTO "charge_codes" VALUES(57,'7342','GASTRO','GASTROSCOPY WITH SEDATION',12,200,1,0,'2025-06-10 16:37:03.836277','2025-06-10 16:37:03.836277','system_init','system_init');
INSERT INTO "charge_codes" VALUES(58,'8801','SA','SERUM AMYLOID TEST',12,60,1,0,'2025-06-10 16:37:03.836277','2025-06-10 16:37:03.836277','system_init','system_init');
INSERT INTO "charge_codes" VALUES(59,'200','DERMX','DERMATOLOGICAL EXAMINATION',14,50,1,0,'2025-06-10 16:37:03.836277','2025-06-10 16:37:03.836277','system_init','system_init');
INSERT INTO "charge_codes" VALUES(60,'201','GIX','GASTRO-INTESTINAL EXAMINATION',14,50,1,0,'2025-06-10 16:37:03.836277','2025-06-10 16:37:03.836277','system_init','system_init');
INSERT INTO "charge_codes" VALUES(61,'204','NEURX','NEUROLOGIC EXAMINATION',14,35,1,0,'2025-06-10 16:37:03.836277','2025-06-10 16:37:03.836277','system_init','system_init');
INSERT INTO "charge_codes" VALUES(62,'205','OPX','OPTHALMIC EXAMINATION',14,40,1,0,'2025-06-10 16:37:03.836277','2025-06-10 16:37:03.836277','system_init','system_init');
INSERT INTO "charge_codes" VALUES(63,'209','EXAM','OTHER TYPES OF EXAMINATIONS',14,35,1,0,'2025-06-10 16:37:03.836277','2025-06-10 16:37:03.836277','system_init','system_init');
INSERT INTO "charge_codes" VALUES(64,'206','PHX','PHYSICAL EXAMINATION',14,50,1,0,'2025-06-10 16:37:03.836277','2025-06-10 16:37:03.836277','system_init','system_init');
INSERT INTO "charge_codes" VALUES(65,'215','REEX','RE-EXAMINATION',14,35,1,0,'2025-06-10 16:37:03.836277','2025-06-10 16:37:03.836277','system_init','system_init');
INSERT INTO "charge_codes" VALUES(66,'207','RBCX','RECTAL EXAMINATION',14,30,1,0,'2025-06-10 16:37:03.836277','2025-06-10 16:37:03.836277','system_init','system_init');
INSERT INTO "charge_codes" VALUES(67,'208','RBSPX','RESPIRATORY EXAMINATION',14,35,1,0,'2025-06-10 16:37:03.836277','2025-06-10 16:37:03.836277','system_init','system_init');
INSERT INTO "charge_codes" VALUES(68,'772','BCJ','BICARBONATE JUG 500 CC',15,30,1,0,'2025-06-10 16:37:03.836277','2025-06-10 16:37:03.836277','system_init','system_init');
INSERT INTO "charge_codes" VALUES(69,'213','CHCH','CANADIAN HEALTH CERTIFICATE',15,175,1,0,'2025-06-10 16:37:03.836277','2025-06-10 16:37:03.836277','system_init','system_init');
INSERT INTO "charge_codes" VALUES(70,'212','HCH','HEALTH CERTIFICATE',15,20,1,0,'2025-06-10 16:37:03.836277','2025-06-10 16:37:03.836277','system_init','system_init');
INSERT INTO "charge_codes" VALUES(71,'211','INSX','INSURANCE EXAM AND PAPERWORK',15,25,1,0,'2025-06-10 16:37:03.836277','2025-06-10 16:37:03.836277','system_init','system_init');
INSERT INTO "charge_codes" VALUES(72,'202','LAMX','LAMENESS EXAMINATION',15,50,1,0,'2025-06-10 16:37:03.836277','2025-06-10 16:37:03.836277','system_init','system_init');
INSERT INTO "charge_codes" VALUES(73,'210','PPE','PREPURCHASE EVALUATION',15,300,1,0,'2025-06-10 16:37:03.836277','2025-06-10 16:37:03.836277','system_init','system_init');
INSERT INTO "charge_codes" VALUES(74,'4567',NULL,'ADMINISTER EQUINE RHINITIS A VACCINE',17,30,1,0,'2025-06-10 16:37:03.836277','2025-06-10 16:37:03.836277','system_init','system_init');
INSERT INTO "charge_codes" VALUES(75,'5588','RHI','ADMINISTER EQUINE RHINITIS A VACCINE',17,30,1,0,'2025-06-10 16:37:03.836277','2025-06-10 16:37:03.836277','system_init','system_init');
INSERT INTO "charge_codes" VALUES(76,'3120','BOT','BOTULISM TOXOID',17,30,1,0,'2025-06-10 16:37:03.836277','2025-06-10 16:37:03.836277','system_init','system_init');
INSERT INTO "charge_codes" VALUES(77,'300','EWTFR','E&W ENCEPHALITIS, TETANUS, INFLUENZA, RHINOPNEUMONITIS',17,60,1,0,'2025-06-10 16:37:03.836277','2025-06-10 16:37:03.836277','system_init','system_init');
INSERT INTO "charge_codes" VALUES(78,'302','EW','EASTERN AND WESTERN ENCEPHALITIS',17,20,1,0,'2025-06-10 16:37:03.836277','2025-06-10 16:37:03.836277','system_init','system_init');
INSERT INTO "charge_codes" VALUES(79,'305','EWT','EASTERN AND WESTERN ENCEPHALITIS AND TETANUS',17,30,1,0,'2025-06-10 16:37:03.836277','2025-06-10 16:37:03.836277','system_init','system_init');
INSERT INTO "charge_codes" VALUES(80,'303','FR','INFLUENZA AND RHINOPNEUMONITIS',17,30,1,0,'2025-06-10 16:37:03.836277','2025-06-10 16:37:03.836277','system_init','system_init');
INSERT INTO "charge_codes" VALUES(81,'7908','F','INFLUENZA VACCINE',17,10,1,0,'2025-06-10 16:37:03.836277','2025-06-10 16:37:03.836277','system_init','system_init');
INSERT INTO "charge_codes" VALUES(82,'311','FRIN','INTRANASAL INFLUENZA AND RHINOPNEUMONITIS VACCINATION',17,25,1,0,'2025-06-10 16:37:03.836277','2025-06-10 16:37:03.836277','system_init','system_init');
INSERT INTO "charge_codes" VALUES(83,'309','PHF','POTOMAC HORSE FEVER VACCINE',17,30,1,0,'2025-06-10 16:37:03.836277','2025-06-10 16:37:03.836277','system_init','system_init');
INSERT INTO "charge_codes" VALUES(84,'307','RA','RABIES VACCINATION',17,30,1,0,'2025-06-10 16:37:03.836277','2025-06-10 16:37:03.836277','system_init','system_init');
INSERT INTO "charge_codes" VALUES(85,'304','R','RHINOPNEUMONITIS',17,25,1,0,'2025-06-10 16:37:03.836277','2025-06-10 16:37:03.836277','system_init','system_init');
INSERT INTO "charge_codes" VALUES(86,'312','EPMV','SARCOSYSTIS NEURONA VACCINE',17,25,1,0,'2025-06-10 16:37:03.836277','2025-06-10 16:37:03.836277','system_init','system_init');
INSERT INTO "charge_codes" VALUES(87,'308','STR','STRANGLES',17,40,1,0,'2025-06-10 16:37:03.836277','2025-06-10 16:37:03.836277','system_init','system_init');
INSERT INTO "charge_codes" VALUES(88,'3125','TAT','TETANUS ANTITOXIN',17,20,1,0,'2025-06-10 16:37:03.836277','2025-06-10 16:37:03.836277','system_init','system_init');
INSERT INTO "charge_codes" VALUES(89,'301','TVAC','TETANUS INJECTION IM',17,10,1,0,'2025-06-10 16:37:03.836277','2025-06-10 16:37:03.836277','system_init','system_init');
INSERT INTO "charge_codes" VALUES(90,'5410','WNVB','WEST NILE VACCINATION BOOSTER',17,26.5,1,0,'2025-06-10 16:37:03.836277','2025-06-10 16:37:03.836277','system_init','system_init');
INSERT INTO "charge_codes" VALUES(91,'140','WNV','WEST NILES VACCINATION',17,35,1,0,'2025-06-10 16:37:03.836277','2025-06-10 16:37:03.836277','system_init','system_init');
INSERT INTO "charge_codes" VALUES(92,'69','BLOOD','BLOOD ANALYSIS',19,0,1,0,'2025-06-10 16:37:03.836277','2025-06-10 16:37:03.836277','system_init','system_init');
INSERT INTO "charge_codes" VALUES(93,'53','COG','COGGINS TEST FOR EIA',19,65,1,0,'2025-06-10 16:37:03.836277','2025-06-10 16:37:03.836277','system_init','system_init');
INSERT INTO "charge_codes" VALUES(94,'52','CHEM','COMPLETE BLOOD CHEMISTRY',19,65,1,0,'2025-06-10 16:37:03.836277','2025-06-10 16:37:03.836277','system_init','system_init');
INSERT INTO "charge_codes" VALUES(95,'50','CBC','COMPLETE BLOOD COUNT',19,35,1,0,'2025-06-10 16:37:03.836277','2025-06-10 16:37:03.836277','system_init','system_init');
INSERT INTO "charge_codes" VALUES(96,'51','BTS','COMPLETE BLOOD COUNT AND CHEMISTRY',19,100,1,0,'2025-06-10 16:37:03.836277','2025-06-10 16:37:03.836277','system_init','system_init');
INSERT INTO "charge_codes" VALUES(97,'9995','DRUG','DRUG SCREEN',19,300,1,0,'2025-06-10 16:37:03.836277','2025-06-10 16:37:03.836277','system_init','system_init');
INSERT INTO "charge_codes" VALUES(98,'9754','PIRO','PIROPLASMOSIS TESTING FOR EXPORT/TRAVEL PURPOSE',19,130,1,0,'2025-06-10 16:37:03.836277','2025-06-10 16:37:03.836277','system_init','system_init');
INSERT INTO "charge_codes" VALUES(99,'60','FIB','SERUM FIBRINOGEN',19,75,1,0,'2025-06-10 16:37:03.836277','2025-06-10 16:37:03.836277','system_init','system_init');
INSERT INTO "charge_codes" VALUES(100,'116','SI','SERUM IRON LEVEL',19,30,1,0,'2025-06-10 16:37:03.836277','2025-06-10 16:37:03.836277','system_init','system_init');
INSERT INTO "charge_codes" VALUES(101,'62','SGOT','SERUM SGOT AND CPK',19,35,1,0,'2025-06-10 16:37:03.836277','2025-06-10 16:37:03.836277','system_init','system_init');
INSERT INTO "charge_codes" VALUES(102,'55','LYME','SERUM TITER FOR LYMES DISEASE',19,60,1,0,'2025-06-10 16:37:03.836277','2025-06-10 16:37:03.836277','system_init','system_init');
INSERT INTO "charge_codes" VALUES(103,'9996','T3T4','THYROID ANALYSIS',19,100,1,0,'2025-06-10 16:37:03.836277','2025-06-10 16:37:03.836277','system_init','system_init');
INSERT INTO "charge_codes" VALUES(104,'61','T3','THYROID ASSAY T3 AND T4',19,100,1,0,'2025-06-10 16:37:03.836277','2025-06-10 16:37:03.836277','system_init','system_init');
INSERT INTO "charge_codes" VALUES(105,'70','C/S','BACTERIAL CULTURE AND SENSITIVITY',20,60,1,0,'2025-06-10 16:37:03.836277','2025-06-10 16:37:03.836277','system_init','system_init');
INSERT INTO "charge_codes" VALUES(106,'75','CYT','CYTOLOGY',20,65,1,0,'2025-06-10 16:37:03.836277','2025-06-10 16:37:03.836277','system_init','system_init');
INSERT INTO "charge_codes" VALUES(107,'71','TTW','TRANS TRACHAEL WASH',20,150,1,0,'2025-06-10 16:37:03.836277','2025-06-10 16:37:03.836277','system_init','system_init');
INSERT INTO "charge_codes" VALUES(108,'271','COMBO','BCP AND EQUIPOSE 3 ML',22,45,1,0,'2025-06-10 16:37:03.836277','2025-06-10 16:37:03.836277','system_init','system_init');
INSERT INTO "charge_codes" VALUES(109,'670','B','EQUIPOSE INJECTION',22,35,1,0,'2025-06-10 16:37:03.836277','2025-06-10 16:37:03.836277','system_init','system_init');
INSERT INTO "charge_codes" VALUES(110,'674','TEST','TESTOSTERONE INJECTION IM',22,20,1,0,'2025-06-10 16:37:03.836277','2025-06-10 16:37:03.836277','system_init','system_init');
INSERT INTO "charge_codes" VALUES(111,'676','W','WINSTROL INJECTION',22,42,1,0,'2025-06-10 16:37:03.836277','2025-06-10 16:37:03.836277','system_init','system_init');
INSERT INTO "charge_codes" VALUES(112,'8920','EXC','ADMINISTER 4 DAY TREATMENT WITH EXCEED',23,65,1,0,'2025-06-10 16:37:03.836277','2025-06-10 16:37:03.836277','system_init','system_init');
INSERT INTO "charge_codes" VALUES(113,'25','BAYI','BAYTRIL INJECTION IV',23,38,1,0,'2025-06-10 16:37:03.836277','2025-06-10 16:37:03.836277','system_init','system_init');
INSERT INTO "charge_codes" VALUES(114,'814','DVGEN','EXAM, DISPENSE BOTTLE OF GENTAMICIN SULFATE',23,50,1,0,'2025-06-10 16:37:03.836277','2025-06-10 16:37:03.836277','system_init','system_init');
INSERT INTO "charge_codes" VALUES(115,'998','AMP','INJECTION OF AMPICILLIN IV',23,20,1,0,'2025-06-10 16:37:03.836277','2025-06-10 16:37:03.836277','system_init','system_init');
INSERT INTO "charge_codes" VALUES(116,'607','GEN','INJECTION OF GENTAMYCIN SULFATE',23,25,1,0,'2025-06-10 16:37:03.836277','2025-06-10 16:37:03.836277','system_init','system_init');
INSERT INTO "charge_codes" VALUES(117,'600','PPG','INJECTION OF PROCAINE PENICILLIN G',23,10,1,0,'2025-06-10 16:37:03.836277','2025-06-10 16:37:03.836277','system_init','system_init');
INSERT INTO "charge_codes" VALUES(118,'608','TET','INJECTION OF TETRACYCLINE IV',23,30,1,0,'2025-06-10 16:37:03.836277','2025-06-10 16:37:03.836277','system_init','system_init');
INSERT INTO "charge_codes" VALUES(119,'610','NAX','NAXCEL INJECTION',23,30,1,0,'2025-06-10 16:37:03.836277','2025-06-10 16:37:03.836277','system_init','system_init');
INSERT INTO "charge_codes" VALUES(120,'22','NAQI','INJECTION OF NAQUASONE IV',24,15,1,0,'2025-06-10 16:37:03.836277','2025-06-10 16:37:03.836277','system_init','system_init');
INSERT INTO "charge_codes" VALUES(121,'760','LAS','LASIX INJECTION',24,20,1,0,'2025-06-10 16:37:03.836277','2025-06-10 16:37:03.836277','system_init','system_init');
INSERT INTO "charge_codes" VALUES(122,'892','JUG6','6 LITRES OF SALINE ADMINISTERED WITH VITAMINS',25,140,1,0,'2025-06-10 16:37:03.836277','2025-06-10 16:37:03.836277','system_init','system_init');
INSERT INTO "charge_codes" VALUES(123,'770','JUG','ONE LITER OF LACTATED RINGERS',25,24,1,0,'2025-06-10 16:37:03.836277','2025-06-10 16:37:03.836277','system_init','system_init');
INSERT INTO "charge_codes" VALUES(124,'778','NAI','SODIUM IODIDE JUG',25,35,1,0,'2025-06-10 16:37:03.836277','2025-06-10 16:37:03.836277','system_init','system_init');
INSERT INTO "charge_codes" VALUES(125,'703','OIL','TUBE WITH ONE GALLON MINERAL OIL',26,60,1,0,'2025-06-10 16:37:03.836277','2025-06-10 16:37:03.836277','system_init','system_init');
INSERT INTO "charge_codes" VALUES(126,'992','KZ','INTRA-ARTICULAR INJ. OF CARPAL JOINT WITH ZEEL & TRAUMBEL',27,100,1,0,'2025-06-10 16:37:03.836277','2025-06-10 16:37:03.836277','system_init','system_init');
INSERT INTO "charge_codes" VALUES(127,'991','AZ','INTRA-ARTICULAR INJ. OF FETLOCK JOINT WITH ZEEL & TRAUMEEL',27,100,1,0,'2025-06-10 16:37:03.836277','2025-06-10 16:37:03.836277','system_init','system_init');
INSERT INTO "charge_codes" VALUES(128,'993','HZ','INTRA-ARTICULAR INJ. OF HOCK JOINT WITH ZEEL & TRAUMBEL',27,100,1,0,'2025-06-10 16:37:03.836277','2025-06-10 16:37:03.836277','system_init','system_init');
INSERT INTO "charge_codes" VALUES(129,'994','SZ','INTRA-ARTICULAR INJ. OF STIFLE JOINT WITH ZEEL & TRAUMBEL',27,100,1,0,'2025-06-10 16:37:03.836277','2025-06-10 16:37:03.836277','system_init','system_init');
INSERT INTO "charge_codes" VALUES(130,'720','KC','INTRA-ARTICULAR INJECTION OF CARPAL JOINT',27,65,1,0,'2025-06-10 16:37:03.836277','2025-06-10 16:37:03.836277','system_init','system_init');
INSERT INTO "charge_codes" VALUES(131,'721','KH','INTRA-ARTICULAR INJECTION OF CARPAL JOINT WITH ACID',27,130,1,0,'2025-06-10 16:37:03.836277','2025-06-10 16:37:03.836277','system_init','system_init');
INSERT INTO "charge_codes" VALUES(132,'738','CC','INTRA-ARTICULAR INJECTION OF COFFIN JOINT',27,65,1,0,'2025-06-10 16:37:03.836277','2025-06-10 16:37:03.836277','system_init','system_init');
INSERT INTO "charge_codes" VALUES(133,'433','CH','INTRA-ARTICULAR INJECTION OF COFFIN JOINT WITH ACID',27,130,1,0,'2025-06-10 16:37:03.836277','2025-06-10 16:37:03.836277','system_init','system_init');
INSERT INTO "charge_codes" VALUES(134,'990','CZ','INTRA-ARTICULAR INJECTION OF COFFIN JOINT WITH ZEEL & TRAUMBEL',27,100,1,0,'2025-06-10 16:37:03.836277','2025-06-10 16:37:03.836277','system_init','system_init');
INSERT INTO "charge_codes" VALUES(135,'723','AC','INTRA-ARTICULAR INJECTION OF FETLOCK JOINT',27,65,1,0,'2025-06-10 16:37:03.836277','2025-06-10 16:37:03.836277','system_init','system_init');
INSERT INTO "charge_codes" VALUES(136,'724','AH','INTRA-ARTICULAR INJECTION OF FETLOCK JOINT WITH ACID',27,130,1,0,'2025-06-10 16:37:03.836277','2025-06-10 16:37:03.836277','system_init','system_init');
INSERT INTO "charge_codes" VALUES(137,'124','SC','INTRA-ARTICULAR INJECTION OF STIFLE',27,65,1,0,'2025-06-10 16:37:03.836277','2025-06-10 16:37:03.836277','system_init','system_init');
INSERT INTO "charge_codes" VALUES(138,'726','HC','INTRA-ARTICULAR INJECTION OF TARSAL JOINT',27,65,1,0,'2025-06-10 16:37:03.836277','2025-06-10 16:37:03.836277','system_init','system_init');
INSERT INTO "charge_codes" VALUES(139,'727','HH','INTRA-ARTICULAR INJECTION OF TARSAL JOINT WITH ACID',27,130,1,0,'2025-06-10 16:37:03.836277','2025-06-10 16:37:03.836277','system_init','system_init');
INSERT INTO "charge_codes" VALUES(140,'125','SH','INTRA-ARTICULAR INJECTION OF THE STIFLE JOINT WITH ACID',27,125,1,0,'2025-06-10 16:37:03.836277','2025-06-10 16:37:03.836277','system_init','system_init');
INSERT INTO "charge_codes" VALUES(141,'680','ACTH','ACTH INJECTION',28,25,1,0,'2025-06-10 16:37:03.836277','2025-06-10 16:37:03.836277','system_init','system_init');
INSERT INTO "charge_codes" VALUES(142,'681','EST','ESTRONE INJECTION',28,30,1,0,'2025-06-10 16:37:03.836277','2025-06-10 16:37:03.836277','system_init','system_init');
INSERT INTO "charge_codes" VALUES(143,'682','HCG','HCG INJECTION',28,35,1,0,'2025-06-10 16:37:03.836277','2025-06-10 16:37:03.836277','system_init','system_init');
INSERT INTO "charge_codes" VALUES(144,'1251','DEPO','INJECTION OF DEPO-PROVERA',28,50,1,0,'2025-06-10 16:37:03.836277','2025-06-10 16:37:03.836277','system_init','system_init');
INSERT INTO "charge_codes" VALUES(145,'683','LEVO','LEVOTHYROXINE INJECTION',28,20,1,0,'2025-06-10 16:37:03.836277','2025-06-10 16:37:03.836277','system_init','system_init');
INSERT INTO "charge_codes" VALUES(146,'404','BCP','TREATMENT WITH BCP',28,25,1,0,'2025-06-10 16:37:03.836277','2025-06-10 16:37:03.836277','system_init','system_init');
INSERT INTO "charge_codes" VALUES(147,'733','ADIM','INJECTION OF ADEQUAN IM',29,70,1,0,'2025-06-10 16:37:03.836277','2025-06-10 16:37:03.836277','system_init','system_init');
INSERT INTO "charge_codes" VALUES(148,'700','XP','INJECTION OF DISTAL RADIAL PHYSES',29,100,1,0,'2025-06-10 16:37:03.836277','2025-06-10 16:37:03.836277','system_init','system_init');
INSERT INTO "charge_codes" VALUES(149,'742','MGS','INJECTION OF GLUTEAL MUSCLES, EPAXIAL MUSCLES AND STIFLES',29,90,1,0,'2025-06-10 16:37:03.836277','2025-06-10 16:37:03.836277','system_init','system_init');
INSERT INTO "charge_codes" VALUES(150,'1018','HAIV','INJECTION OF HYALURONIC ACID IV',29,50,1,0,'2025-06-10 16:37:03.836277','2025-06-10 16:37:03.836277','system_init','system_init');
INSERT INTO "charge_codes" VALUES(151,'740','ZT','INJECTION OF ZEEL AND TRAUMEEL',29,20,1,0,'2025-06-10 16:37:03.836277','2025-06-10 16:37:03.836277','system_init','system_init');
INSERT INTO "charge_codes" VALUES(152,'743','S','INTERNAL BLISTER OF STIFLE',29,80,1,0,'2025-06-10 16:37:03.836277','2025-06-10 16:37:03.836277','system_init','system_init');
INSERT INTO "charge_codes" VALUES(153,'792','MG','INTERNAL BLISTER OF THE BACK, STIFLE AND WHORL BONES',29,120,1,0,'2025-06-10 16:37:03.836277','2025-06-10 16:37:03.836277','system_init','system_init');
INSERT INTO "charge_codes" VALUES(154,'751','LF','NON-ARTICULAR INJECTION OF LEFT FRONT LEG',29,60,1,0,'2025-06-10 16:37:03.836277','2025-06-10 16:37:03.836277','system_init','system_init');
INSERT INTO "charge_codes" VALUES(155,'748','LH','NON-ARTICULAR INJECTION OF LEFT HIND LEG',29,60,1,0,'2025-06-10 16:37:03.836277','2025-06-10 16:37:03.836277','system_init','system_init');
INSERT INTO "charge_codes" VALUES(156,'750','RF','NON-ARTICULAR INJECTION OF RIGHT FRONT LEG',29,60,1,0,'2025-06-10 16:37:03.836277','2025-06-10 16:37:03.836277','system_init','system_init');
INSERT INTO "charge_codes" VALUES(157,'749','RH','NON-ARTICULAR INJECTION OF THE RIGHT HIND LEG',29,60,1,0,'2025-06-10 16:37:03.836277','2025-06-10 16:37:03.836277','system_init','system_init');
INSERT INTO "charge_codes" VALUES(158,'4876','POLY','POLYGLYCAN IV 5CC',29,60,1,0,'2025-06-10 16:37:03.836277','2025-06-10 16:37:03.836277','system_init','system_init');
INSERT INTO "charge_codes" VALUES(159,'741','FBB','PROFESSIONAL SERVICES FEET',29,100,1,0,'2025-06-10 16:37:03.836277','2025-06-10 16:37:03.836277','system_init','system_init');
INSERT INTO "charge_codes" VALUES(160,'640','BAN','BANAMINE INJECTION',30,25,1,0,'2025-06-10 16:37:03.836277','2025-06-10 16:37:03.836277','system_init','system_init');
INSERT INTO "charge_codes" VALUES(161,'641','BUT','BUTAZOLIDIN INJECTION',30,12,1,0,'2025-06-10 16:37:03.836277','2025-06-10 16:37:03.836277','system_init','system_init');
INSERT INTO "charge_codes" VALUES(162,'643','DMSOJ','DMSO INJECTION IN 1 LITER FLUIDS',30,30,1,0,'2025-06-10 16:37:03.836277','2025-06-10 16:37:03.836277','system_init','system_init');
INSERT INTO "charge_codes" VALUES(163,'138','ADN','INJECTION OF ADENOSINE IM',30,10,1,0,'2025-06-10 16:37:03.836277','2025-06-10 16:37:03.836277','system_init','system_init');
INSERT INTO "charge_codes" VALUES(164,'649','ASA','INJECTION OF ASPIRIN IV',30,10,1,0,'2025-06-10 16:37:03.836277','2025-06-10 16:37:03.836277','system_init','system_init');
INSERT INTO "charge_codes" VALUES(165,'660','DEX','INJECTION OF DEXAMETHASONE',30,15,1,0,'2025-06-10 16:37:03.836277','2025-06-10 16:37:03.836277','system_init','system_init');
INSERT INTO "charge_codes" VALUES(166,'642','NOV','INJECTION OF DIPYRONE',30,20,1,0,'2025-06-10 16:37:03.836277','2025-06-10 16:37:03.836277','system_init','system_init');
INSERT INTO "charge_codes" VALUES(167,'995','DMSO','INJECTION OF DMSO IV',30,10,1,0,'2025-06-10 16:37:03.836277','2025-06-10 16:37:03.836277','system_init','system_init');
INSERT INTO "charge_codes" VALUES(168,'663','FLUC','INJECTION OF FLUCORT',30,20,1,0,'2025-06-10 16:37:03.836277','2025-06-10 16:37:03.836277','system_init','system_init');
INSERT INTO "charge_codes" VALUES(169,'666','VETA','INJECTION OF VETALOG',30,15,1,0,'2025-06-10 16:37:03.836277','2025-06-10 16:37:03.836277','system_init','system_init');
INSERT INTO "charge_codes" VALUES(170,'621','KET','KETOFEN INJECTION',30,20,1,0,'2025-06-10 16:37:03.836277','2025-06-10 16:37:03.836277','system_init','system_init');
INSERT INTO "charge_codes" VALUES(171,'648','ROB','ROBAXIN INJECTION',30,20,1,0,'2025-06-10 16:37:03.836277','2025-06-10 16:37:03.836277','system_init','system_init');
INSERT INTO "charge_codes" VALUES(172,'553','RVI','RVI INJECTION',30,30,1,0,'2025-06-10 16:37:03.836277','2025-06-10 16:37:03.836277','system_init','system_init');
INSERT INTO "charge_codes" VALUES(173,'84','VOR','TREATMENT WITH VOREN',30,20,1,0,'2025-06-10 16:37:03.836277','2025-06-10 16:37:03.836277','system_init','system_init');
INSERT INTO "charge_codes" VALUES(174,'688','DET','INJECTION OF DETOMIDINE HCL',31,30,1,0,'2025-06-10 16:37:03.836277','2025-06-10 16:37:03.836277','system_init','system_init');
INSERT INTO "charge_codes" VALUES(175,'1020','PRO','INJECTION OF PROLIXIN IM',31,45,1,0,'2025-06-10 16:37:03.836277','2025-06-10 16:37:03.836277','system_init','system_init');
INSERT INTO "charge_codes" VALUES(176,'693','XYL','INJECTION OF ROMPUN',31,15,1,0,'2025-06-10 16:37:03.836277','2025-06-10 16:37:03.836277','system_init','system_init');
INSERT INTO "charge_codes" VALUES(177,'549','XY','INJECTION OF XYLAZINE',31,20,1,0,'2025-06-10 16:37:03.836277','2025-06-10 16:37:03.836277','system_init','system_init');
INSERT INTO "charge_codes" VALUES(178,'699','TO','TRANQUILIZE',31,25,1,0,'2025-06-10 16:37:03.836277','2025-06-10 16:37:03.836277','system_init','system_init');
INSERT INTO "charge_codes" VALUES(179,'690','ACB','TRANQUILIZE WITH ACEPROMAZINE',31,15,1,0,'2025-06-10 16:37:03.836277','2025-06-10 16:37:03.836277','system_init','system_init');
INSERT INTO "charge_codes" VALUES(180,'692','RES','TRANQUILIZE WITH RESERPINE',31,35,1,0,'2025-06-10 16:37:03.836277','2025-06-10 16:37:03.836277','system_init','system_init');
INSERT INTO "charge_codes" VALUES(181,'1260','RK','TRANQUILIZE WITH ROMPUM AND KETAMINE',31,50,1,0,'2025-06-10 16:37:03.836277','2025-06-10 16:37:03.836277','system_init','system_init');
INSERT INTO "charge_codes" VALUES(182,'5961','BC2A','BC2A PASTE 88 GRAM TUBE',32,25,1,0,'2025-06-10 16:37:03.836277','2025-06-10 16:37:03.836277','system_init','system_init');
INSERT INTO "charge_codes" VALUES(183,'9233','FOL','FOLIC ACID INJECTION',32,0,1,0,'2025-06-10 16:37:03.836277','2025-06-10 16:37:03.836277','system_init','system_init');
INSERT INTO "charge_codes" VALUES(184,'623','BCOM','INJECTION OF B-COMPLEX',32,10,1,0,'2025-06-10 16:37:03.836277','2025-06-10 16:37:03.836277','system_init','system_init');
INSERT INTO "charge_codes" VALUES(185,'222','CIC','INJECTION OF CACO IRON COPPER',32,15,1,0,'2025-06-10 16:37:03.836277','2025-06-10 16:37:03.836277','system_init','system_init');
INSERT INTO "charge_codes" VALUES(186,'671','CAL','INJECTION OF CALCIUM',32,15,1,0,'2025-06-10 16:37:03.836277','2025-06-10 16:37:03.836277','system_init','system_init');
INSERT INTO "charge_codes" VALUES(187,'220','CA','INJECTION OF CALCIUM',32,10,1,0,'2025-06-10 16:37:03.836277','2025-06-10 16:37:03.836277','system_init','system_init');
INSERT INTO "charge_codes" VALUES(188,'620','CMPK','INJECTION OF CALCIUM, MAGNESIUM AND PHOSPHORUS',32,10,1,0,'2025-06-10 16:37:03.836277','2025-06-10 16:37:03.836277','system_init','system_init');
INSERT INTO "charge_codes" VALUES(189,'555','HIP','INJECTION OF HIPIRON',32,20,1,0,'2025-06-10 16:37:03.836277','2025-06-10 16:37:03.836277','system_init','system_init');
INSERT INTO "charge_codes" VALUES(190,'536','IAS','INJECTION OF IRON ARSENIC AND STRYCHNINE',32,10,1,0,'2025-06-10 16:37:03.836277','2025-06-10 16:37:03.836277','system_init','system_init');
INSERT INTO "charge_codes" VALUES(191,'629','VITC','INJECTION OF VITAMIN C',32,15,1,0,'2025-06-10 16:37:03.836277','2025-06-10 16:37:03.836277','system_init','system_init');
INSERT INTO "charge_codes" VALUES(192,'626','VITES','INJECTION OF VITAMIN E AND SELENIUM',32,20,1,0,'2025-06-10 16:37:03.836277','2025-06-10 16:37:03.836277','system_init','system_init');
INSERT INTO "charge_codes" VALUES(193,'1261','VR','INJECTION OF VITAMIN RED',32,40,1,0,'2025-06-10 16:37:03.836277','2025-06-10 16:37:03.836277','system_init','system_init');
INSERT INTO "charge_codes" VALUES(194,'796','PRDI','POST RACE DRENCH WITH IRON AND VITAMINS',32,50,1,0,'2025-06-10 16:37:03.836277','2025-06-10 16:37:03.836277','system_init','system_init');
INSERT INTO "charge_codes" VALUES(195,'791','PTD','POST TRAINING DRENCH',32,50,1,0,'2025-06-10 16:37:03.836277','2025-06-10 16:37:03.836277','system_init','system_init');
INSERT INTO "charge_codes" VALUES(196,'794','PTDI','POST TRAINING DRENCH WITH ELECTROLYTES AND BLOODSHOT',32,70,1,0,'2025-06-10 16:37:03.836277','2025-06-10 16:37:03.836277','system_init','system_init');
INSERT INTO "charge_codes" VALUES(197,'630','FA','TREATMENT WITH FOLIC ACID SUPPLEMENT',32,30,1,0,'2025-06-10 16:37:03.836277','2025-06-10 16:37:03.836277','system_init','system_init');
INSERT INTO "charge_codes" VALUES(198,'628','VBB','VITAMIN BLOOD BUILDER',32,28,1,0,'2025-06-10 16:37:03.836277','2025-06-10 16:37:03.836277','system_init','system_init');
INSERT INTO "charge_codes" VALUES(199,'625','BSB','VITAMIN BSE INJECTION',32,120,1,0,'2025-06-10 16:37:03.836277','2025-06-10 16:37:03.836277','system_init','system_init');
INSERT INTO "charge_codes" VALUES(200,'632','VIT','VITAMIN INJECTION',32,0,1,0,'2025-06-10 16:37:03.836277','2025-06-10 16:37:03.836277','system_init','system_init');
INSERT INTO "charge_codes" VALUES(201,'619','CMPKJ','VITAMIN JUG WITH CALCIUM, MAGNISIUM AND PHOSPHORUS',32,25,1,0,'2025-06-10 16:37:03.836277','2025-06-10 16:37:03.836277','system_init','system_init');
INSERT INTO "charge_codes" VALUES(202,'9228','AMI','AMICAR INJECTION',33,20,1,0,'2025-06-10 16:37:03.836277','2025-06-10 16:37:03.836277','system_init','system_init');
INSERT INTO "charge_codes" VALUES(203,'6066','BAYC','BAYCOX (TOLAZATRIL PASTE-2 DOSES)',33,162.5,1,0,'2025-06-10 16:37:03.836277','2025-06-10 16:37:03.836277','system_init','system_init');
INSERT INTO "charge_codes" VALUES(204,'4019','DBPENT','EXAM, DISPENSE BOTTLE OF PENTOSAN',33,60,1,0,'2025-06-10 16:37:03.836277','2025-06-10 16:37:03.836277','system_init','system_init');
INSERT INTO "charge_codes" VALUES(205,'9876','IMOD','IMMUNOMODULATOR',33,60,1,0,'2025-06-10 16:37:03.836277','2025-06-10 16:37:03.836277','system_init','system_init');
INSERT INTO "charge_codes" VALUES(206,'996','ACTL','INJECTION OF ACETYLCYSTEINE',33,22,1,0,'2025-06-10 16:37:03.836277','2025-06-10 16:37:03.836277','system_init','system_init');
INSERT INTO "charge_codes" VALUES(207,'30','CAM','INJECTION OF CAMPHOR (GOMENOL)',33,15,1,0,'2025-06-10 16:37:03.836277','2025-06-10 16:37:03.836277','system_init','system_init');
INSERT INTO "charge_codes" VALUES(208,'790','BS','INJECTION OF EQUISTIM IV',33,30,1,0,'2025-06-10 16:37:03.836277','2025-06-10 16:37:03.836277','system_init','system_init');
INSERT INTO "charge_codes" VALUES(209,'2000','GLU','INJECTION OF GLUCOSAMINE',33,20,1,0,'2025-06-10 16:37:03.836277','2025-06-10 16:37:03.836277','system_init','system_init');
INSERT INTO "charge_codes" VALUES(210,'645','LAC','INJECTION OF LACTANASE IV',33,15,1,0,'2025-06-10 16:37:03.836277','2025-06-10 16:37:03.836277','system_init','system_init');
INSERT INTO "charge_codes" VALUES(211,'421','LIPO','INJECTION OF LIPOTROPES IV',33,15,1,0,'2025-06-10 16:37:03.836277','2025-06-10 16:37:03.836277','system_init','system_init');
INSERT INTO "charge_codes" VALUES(212,'85','PB','INJECTION OF P-BLOCK',33,20,1,0,'2025-06-10 16:37:03.836277','2025-06-10 16:37:03.836277','system_init','system_init');
INSERT INTO "charge_codes" VALUES(213,'7789','INT','INTERFERON F2A 250 ML BOTTLE 100 UNITS PER DOSE',33,150,1,0,'2025-06-10 16:37:03.836277','2025-06-10 16:37:03.836277','system_init','system_init');
INSERT INTO "charge_codes" VALUES(214,'8111','LARG','L ARGININE',33,20,1,0,'2025-06-10 16:37:03.836277','2025-06-10 16:37:03.836277','system_init','system_init');
INSERT INTO "charge_codes" VALUES(215,'571','MMA','MISCELLANEOUS MEDICATION ADMINISTERED',33,0,1,0,'2025-06-10 16:37:03.836277','2025-06-10 16:37:03.836277','system_init','system_init');
INSERT INTO "charge_codes" VALUES(216,'3091','PENT','PENTOSAN INJECTION',33,60,1,0,'2025-06-10 16:37:03.836277','2025-06-10 16:37:03.836277','system_init','system_init');
INSERT INTO "charge_codes" VALUES(217,'797','B','POST EXERCISE MEDICATION FOR BLEEDING',33,20,1,0,'2025-06-10 16:37:03.836277','2025-06-10 16:37:03.836277','system_init','system_init');
INSERT INTO "charge_codes" VALUES(218,'985','BP','POST EXERCISE MEDICATION FOR BLEEDING AND PAIN',33,45,1,0,'2025-06-10 16:37:03.836277','2025-06-10 16:37:03.836277','system_init','system_init');
INSERT INTO "charge_codes" VALUES(219,'801','BR','POST EXERCISE MEDICATION FOR BLEEDING AND RESPIRATORY',33,35,1,0,'2025-06-10 16:37:03.836277','2025-06-10 16:37:03.836277','system_init','system_init');
INSERT INTO "charge_codes" VALUES(220,'802','BT','POST EXERCISE MEDICATION FOR BLEEDING AND TYING-UP',33,35,1,0,'2025-06-10 16:37:03.836277','2025-06-10 16:37:03.836277','system_init','system_init');
INSERT INTO "charge_codes" VALUES(221,'691','BRT','POST EXERCISE MEDICATION FOR BLEEDING, BREATHING AND TYING UP',33,50,1,0,'2025-06-10 16:37:03.836277','2025-06-10 16:37:03.836277','system_init','system_init');
INSERT INTO "charge_codes" VALUES(222,'916','BPR','POST EXERCISE MEDICATION FOR BLEEDING, PAIN AND RESPIRATORY',33,65,1,0,'2025-06-10 16:37:03.836277','2025-06-10 16:37:03.836277','system_init','system_init');
INSERT INTO "charge_codes" VALUES(223,'917','BPT','POST EXERCISE MEDICATION FOR BLEEDING, PAIN AND TYING-UP',33,65,1,0,'2025-06-10 16:37:03.836277','2025-06-10 16:37:03.836277','system_init','system_init');
INSERT INTO "charge_codes" VALUES(224,'798','P','POST EXERCISE MEDICATION FOR PAIN',33,25,1,0,'2025-06-10 16:37:03.836277','2025-06-10 16:37:03.836277','system_init','system_init');
INSERT INTO "charge_codes" VALUES(225,'806','PR','POST EXERCISE MEDICATION FOR PAIN AND RESPIRATORY',33,40,1,0,'2025-06-10 16:37:03.836277','2025-06-10 16:37:03.836277','system_init','system_init');
INSERT INTO "charge_codes" VALUES(226,'807','PT','POST EXERCISE MEDICATION FOR PAIN AND TYING-UP',33,40,1,0,'2025-06-10 16:37:03.836277','2025-06-10 16:37:03.836277','system_init','system_init');
INSERT INTO "charge_codes" VALUES(227,'918','PRT','POST EXERCISE MEDICATION FOR PAIN, RESPIRATORY AND TYINGUP-',33,65,1,0,'2025-06-10 16:37:03.836277','2025-06-10 16:37:03.836277','system_init','system_init');
INSERT INTO "charge_codes" VALUES(228,'805','TU','POST EXERCISE MEDICATION FOR TYING-UP',33,60,1,0,'2025-06-10 16:37:03.836277','2025-06-10 16:37:03.836277','system_init','system_init');
INSERT INTO "charge_codes" VALUES(229,'960','BPRT','POST EXERCISE MEDS. FOR BREATHING, PAIN, RESP. AND TYING-UP',33,75,1,0,'2025-06-10 16:37:03.836277','2025-06-10 16:37:03.836277','system_init','system_init');
INSERT INTO "charge_codes" VALUES(230,'539','RESP','RESPIRATORY TREATMENT',33,20,1,0,'2025-06-10 16:37:03.836277','2025-06-10 16:37:03.836277','system_init','system_init');
INSERT INTO "charge_codes" VALUES(231,'262','ROBIN','ROBINUL INJECTION IV',33,15,1,0,'2025-06-10 16:37:03.836277','2025-06-10 16:37:03.836277','system_init','system_init');
INSERT INTO "charge_codes" VALUES(232,'154','ATP','TREATMENT WITH ATP',33,25,1,0,'2025-06-10 16:37:03.836277','2025-06-10 16:37:03.836277','system_init','system_init');
INSERT INTO "charge_codes" VALUES(233,'979','R1000','EXAM DISPENSE BOTTLE OF REGUMATE 1000 CC',35,350,1,0,'2025-06-10 16:37:03.836277','2025-06-10 16:37:03.836277','system_init','system_init');
INSERT INTO "charge_codes" VALUES(234,'146','DBEST','EXAM DISPENSE ONE BOTTLE OF ESTRONE',35,100,1,0,'2025-06-10 16:37:03.836277','2025-06-10 16:37:03.836277','system_init','system_init');
INSERT INTO "charge_codes" VALUES(235,'687','DBACTH','EXAM, DISPENSE BOTTLE OF ACTH',35,55,1,0,'2025-06-10 16:37:03.836277','2025-06-10 16:37:03.836277','system_init','system_init');
INSERT INTO "charge_codes" VALUES(236,'1009','DBADC','EXAM, DISPENSE BOTTLE OF ADRENAL CORTEX 50 CC',35,25,1,0,'2025-06-10 16:37:03.836277','2025-06-10 16:37:03.836277','system_init','system_init');
INSERT INTO "charge_codes" VALUES(237,'1254','DBDEPO','EXAM, DISPENSE BOTTLE OF DEPO-PROVERA 30 ML',35,225,1,0,'2025-06-10 16:37:03.836277','2025-06-10 16:37:03.836277','system_init','system_init');
INSERT INTO "charge_codes" VALUES(238,'981','DBBCP','EXAM, DISPENSE BOTTLE OF ECP',35,100,1,0,'2025-06-10 16:37:03.836277','2025-06-10 16:37:03.836277','system_init','system_init');
INSERT INTO "charge_codes" VALUES(239,'970','DBES','EXAM, DISPENSE BOTTLE OF EQUI-STEM',35,240,1,0,'2025-06-10 16:37:03.836277','2025-06-10 16:37:03.836277','system_init','system_init');
INSERT INTO "charge_codes" VALUES(240,'982','DBHCG','EXAM, DISPENSE BOTTLE OF HCG',35,70,1,0,'2025-06-10 16:37:03.836277','2025-06-10 16:37:03.836277','system_init','system_init');
INSERT INTO "charge_codes" VALUES(241,'684','DBLEVO','EXAM, DISPENSE BOTTLE OF LEVOTHYROXINE',35,40,1,0,'2025-06-10 16:37:03.836277','2025-06-10 16:37:03.836277','system_init','system_init');
INSERT INTO "charge_codes" VALUES(242,'980','TL','EXAM, DISPENSE THYROL -POWDER',35,55,1,0,'2025-06-10 16:37:03.836277','2025-06-10 16:37:03.836277','system_init','system_init');
INSERT INTO "charge_codes" VALUES(243,'6098','PURG','PURGOLIDE MESTILATE 1MG/ML 120 ML BOTTLE',35,150,1,0,'2025-06-10 16:37:03.836277','2025-06-10 16:37:03.836277','system_init','system_init');
INSERT INTO "charge_codes" VALUES(244,'8854','TLL','THROID POWDER LARGE BUCKET',35,250,1,0,'2025-06-10 16:37:03.836277','2025-06-10 16:37:03.836277','system_init','system_init');
INSERT INTO "charge_codes" VALUES(245,'800','DVAMP','EXAM, DISPENSE BOTTLE OF AMPICILLIN',36,30,1,0,'2025-06-10 16:37:03.836277','2025-06-10 16:37:03.836277','system_init','system_init');
INSERT INTO "charge_codes" VALUES(246,'8500','DBPPG2','EXAM, DISPENSE BOTTLE OF PROCAINE PENNICILLIN 250ML',36,45,1,0,'2025-06-10 16:37:03.836277','2025-06-10 16:37:03.836277','system_init','system_init');
INSERT INTO "charge_codes" VALUES(247,'804','DBPPG','EXAM, DISPENSE BOTTLE OF PROCAINE PENNICILLIN G 100 CC''S',36,25,1,0,'2025-06-10 16:37:03.836277','2025-06-10 16:37:03.836277','system_init','system_init');
INSERT INTO "charge_codes" VALUES(248,'857','DBGEN','EXAM, DISPENSE BOTTLE OF GENTOCIN 100 ML',37,70,1,0,'2025-06-10 16:37:03.836277','2025-06-10 16:37:03.836277','system_init','system_init');
INSERT INTO "charge_codes" VALUES(249,'858','DBGBN2','EXAM, DISPENSE BOTTLE OF GENTOCIN 250 ML',37,100,1,0,'2025-06-10 16:37:03.836277','2025-06-10 16:37:03.836277','system_init','system_init');
INSERT INTO "charge_codes" VALUES(250,'37','DBBAYI','EXAM, DISPENSE BOTTLE OF INJECTABLE BAYTRIL',37,300,1,0,'2025-06-10 16:37:03.836277','2025-06-10 16:37:03.836277','system_init','system_init');
INSERT INTO "charge_codes" VALUES(251,'826','DBNAX','EXAM, DISPENSE BOTTLE OF NAXCEL',37,105,1,0,'2025-06-10 16:37:03.836277','2025-06-10 16:37:03.836277','system_init','system_init');
INSERT INTO "charge_codes" VALUES(252,'817','DBTET','EXAM, DISPENSE BOTTLE OF TETRACYCLINE 250CC''S',37,40,1,0,'2025-06-10 16:37:03.836277','2025-06-10 16:37:03.836277','system_init','system_init');
INSERT INTO "charge_codes" VALUES(253,'819','DBDOX','EXAM, DISPENSE CONTAINER OF DOXYCYCLINE HYCLATE POWDER',37,250,1,0,'2025-06-10 16:37:03.836277','2025-06-10 16:37:03.836277','system_init','system_init');
INSERT INTO "charge_codes" VALUES(254,'1015','SMZS','EXAM, DISPENSE SMZ SYRUP',37,40,1,0,'2025-06-10 16:37:03.836277','2025-06-10 16:37:03.836277','system_init','system_init');
INSERT INTO "charge_codes" VALUES(255,'544','DBEPM','EXAM, DISPENSE TREATMENT WITH EPM MEDICATION',37,155,1,0,'2025-06-10 16:37:03.836277','2025-06-10 16:37:03.836277','system_init','system_init');
INSERT INTO "charge_codes" VALUES(256,'820','DBTMS5','EXAM, DISPENSE TRIMETHOPRIM SULFA PILLS #500',37,100,1,0,'2025-06-10 16:37:03.836277','2025-06-10 16:37:03.836277','system_init','system_init');
INSERT INTO "charge_codes" VALUES(257,'63','TUCO','EXAM, DISPENSE TUCOPRIM POWDER',37,45,1,0,'2025-06-10 16:37:03.836277','2025-06-10 16:37:03.836277','system_init','system_init');
INSERT INTO "charge_codes" VALUES(258,'3906','DBBAYL','LARGE BOTTLE OF BAYTRIL 100 MG PER ML. 250 CC BOTTLE',37,0,1,0,'2025-06-10 16:37:03.836277','2025-06-10 16:37:03.836277','system_init','system_init');
INSERT INTO "charge_codes" VALUES(259,'927','VC','EXAM, DISPENSE ONE CASE OF VETWRAP',38,72,1,0,'2025-06-10 16:37:03.836277','2025-06-10 16:37:03.836277','system_init','system_init');
INSERT INTO "charge_codes" VALUES(260,'923','COT','EXAM, DISPENSE ONE ROLL OF COTTON',38,10,1,0,'2025-06-10 16:37:03.836277','2025-06-10 16:37:03.836277','system_init','system_init');
INSERT INTO "charge_codes" VALUES(261,'926','V','EXAM, DISPENSE ONE ROLL OF VETWRAP',38,3,1,0,'2025-06-10 16:37:03.836277','2025-06-10 16:37:03.836277','system_init','system_init');
INSERT INTO "charge_codes" VALUES(262,'988','FUL','EXAM, DISPENSE FULVICIN LARGE-',39,50,1,0,'2025-06-10 16:37:03.836277','2025-06-10 16:37:03.836277','system_init','system_init');
INSERT INTO "charge_codes" VALUES(263,'900','NOLV','EXAM, DISPENSE NOLVASAN OINTMENT',39,25,1,0,'2025-06-10 16:37:03.836277','2025-06-10 16:37:03.836277','system_init','system_init');
INSERT INTO "charge_codes" VALUES(264,'899','NOLVL','EXAM, DISPENSE NOLVESAN LARGE',39,40,1,0,'2025-06-10 16:37:03.836277','2025-06-10 16:37:03.836277','system_init','system_init');
INSERT INTO "charge_codes" VALUES(265,'1016','SSD','EXAM, DISPENSE SILVER SULFADIAZINE CREAM',39,100,1,0,'2025-06-10 16:37:03.836277','2025-06-10 16:37:03.836277','system_init','system_init');
INSERT INTO "charge_codes" VALUES(266,'28','DBNAQI','EXAM, DISPENSE BOTTLE INJECTABLE NAQUASONE',40,35,1,0,'2025-06-10 16:37:03.836277','2025-06-10 16:37:03.836277','system_init','system_init');
INSERT INTO "charge_codes" VALUES(267,'592','DBLAS','EXAM, DISPENSE BOTTLE OF LASIX',40,40,1,0,'2025-06-10 16:37:03.836277','2025-06-10 16:37:03.836277','system_init','system_init');
INSERT INTO "charge_codes" VALUES(268,'1257','LR','EXAM, DISPENSE 1 LITER LACTATED RINGERS',41,8,1,0,'2025-06-10 16:37:03.836277','2025-06-10 16:37:03.836277','system_init','system_init');
INSERT INTO "charge_codes" VALUES(269,'1250','DBCAR','CARAFATE TABLETS',42,120,1,0,'2025-06-10 16:37:03.836277','2025-06-10 16:37:03.836277','system_init','system_init');
INSERT INTO "charge_codes" VALUES(270,'863','FUR','EXAM, DISPENSE 1 LB FURACIN OINTMENT',42,20,1,0,'2025-06-10 16:37:03.836277','2025-06-10 16:37:03.836277','system_init','system_init');
INSERT INTO "charge_codes" VALUES(271,'1252','DBLACL','EXAM, DISPENSE LARGE BOTTLE OF LACTANASE 100CC',42,130,1,0,'2025-06-10 16:37:03.836277','2025-06-10 16:37:03.836277','system_init','system_init');
INSERT INTO "charge_codes" VALUES(272,'358','DGPB','EXAM, DISPENSE ONE GALLON OF PEPTO BISMOL',42,30,1,0,'2025-06-10 16:37:03.836277','2025-06-10 16:37:03.836277','system_init','system_init');
INSERT INTO "charge_codes" VALUES(273,'1010','LACP','EXAM, DISPENSE ONE TUBE OF LACTANASE PASTE',42,15,1,0,'2025-06-10 16:37:03.836277','2025-06-10 16:37:03.836277','system_init','system_init');
INSERT INTO "charge_codes" VALUES(274,'655','PROBP','EXAM, DISPENSE PROBIAS PASTE',42,15,1,0,'2025-06-10 16:37:03.836277','2025-06-10 16:37:03.836277','system_init','system_init');
INSERT INTO "charge_codes" VALUES(275,'656','PROB','EXAM, DISPENSE PROBIAS POWDER',42,40,1,0,'2025-06-10 16:37:03.836277','2025-06-10 16:37:03.836277','system_init','system_init');
INSERT INTO "charge_codes" VALUES(276,'1002','FULP','EXAM, DISPENSE TUBE OF FULVICIN PASTE 12.5g',42,28,1,0,'2025-06-10 16:37:03.836277','2025-06-10 16:37:03.836277','system_init','system_init');
INSERT INTO "charge_codes" VALUES(277,'1003','LEVP','EXAM, DISPENSE TUBE OF LEVAMISOLE PASTE',42,20,1,0,'2025-06-10 16:37:03.836277','2025-06-10 16:37:03.836277','system_init','system_init');
INSERT INTO "charge_codes" VALUES(278,'144','OMBP','EXAM, DISPENSE TUBE OF OMEPRAZOLE',42,18,1,0,'2025-06-10 16:37:03.836277','2025-06-10 16:37:03.836277','system_init','system_init');
INSERT INTO "charge_codes" VALUES(279,'43','GG','TREATMENT WITH GASTROGUARD ONE DOSE',42,50,1,0,'2025-06-10 16:37:03.836277','2025-06-10 16:37:03.836277','system_init','system_init');
INSERT INTO "charge_codes" VALUES(280,'894','DBNOV','EXAM, DISPENSE 1 BOTTLE DIPYRONE 100 ML',43,50,1,0,'2025-06-10 16:37:03.836277','2025-06-10 16:37:03.836277','system_init','system_init');
INSERT INTO "charge_codes" VALUES(281,'893','DBANB','EXAM, DISPENSE BOTTLE OF BANAMINE 100 CC',43,100,1,0,'2025-06-10 16:37:03.836277','2025-06-10 16:37:03.836277','system_init','system_init');
INSERT INTO "charge_codes" VALUES(282,'6210','DBKET','EXAM, DISPENSE BOTTLE OF KETOFEN',43,100,1,0,'2025-06-10 16:37:03.836277','2025-06-10 16:37:03.836277','system_init','system_init');
INSERT INTO "charge_codes" VALUES(283,'229','DBLAC','EXAM, DISPENSE BOTTLE OF LACTANASE',43,30,1,0,'2025-06-10 16:37:03.836277','2025-06-10 16:37:03.836277','system_init','system_init');
INSERT INTO "charge_codes" VALUES(284,'891','DBUTB','EXAM, DISPENSE BOTTLE OF PHENYLBUTAZONE 100 CC',43,28,1,0,'2025-06-10 16:37:03.836277','2025-06-10 16:37:03.836277','system_init','system_init');
INSERT INTO "charge_codes" VALUES(285,'837','DBBUT','EXAM, DISPENSE BOTTLE OF PHENYLBUTAZONE TABLETS 1g',43,30,1,0,'2025-06-10 16:37:03.836277','2025-06-10 16:37:03.836277','system_init','system_init');
INSERT INTO "charge_codes" VALUES(286,'47','DBRVI','EXAM, DISPENSE BOTTLE OF RVI',43,125,1,0,'2025-06-10 16:37:03.836277','2025-06-10 16:37:03.836277','system_init','system_init');
INSERT INTO "charge_codes" VALUES(287,'8904','DBANBL','EXAM, DISPENSE ONE BOTTLE FLUNIXIN 250CC',43,140,1,0,'2025-06-10 16:37:03.836277','2025-06-10 16:37:03.836277','system_init','system_init');
INSERT INTO "charge_codes" VALUES(288,'4798','DBPOLY','BOTTLE OF POLYGLYCAN',44,120,1,0,'2025-06-10 16:37:03.836277','2025-06-10 16:37:03.836277','system_init','system_init');
INSERT INTO "charge_codes" VALUES(289,'901','DBDBX','EXAM, DISPENSE BOTTLE OF DEXAMETHASONE 100ML',44,44,1,0,'2025-06-10 16:37:03.836277','2025-06-10 16:37:03.836277','system_init','system_init');
INSERT INTO "charge_codes" VALUES(290,'903','DBFLU','EXAM, DISPENSE BOTTLE OF FLUCORT',44,70,1,0,'2025-06-10 16:37:03.836277','2025-06-10 16:37:03.836277','system_init','system_init');
INSERT INTO "charge_codes" VALUES(291,'1019','DBHAIV','EXAM, DISPENSE BOTTLE OF HYALURONIC ACID IV',44,100,1,0,'2025-06-10 16:37:03.836277','2025-06-10 16:37:03.836277','system_init','system_init');
INSERT INTO "charge_codes" VALUES(292,'46','DBP','EXAM, DISPENSE BOTTLE OF P-BLOC',44,40,1,0,'2025-06-10 16:37:03.836277','2025-06-10 16:37:03.836277','system_init','system_init');
INSERT INTO "charge_codes" VALUES(293,'1014','DBVOR','EXAM, DISPENSE BOTTLE OF VOREN',44,80,1,0,'2025-06-10 16:37:03.836277','2025-06-10 16:37:03.836277','system_init','system_init');
INSERT INTO "charge_codes" VALUES(294,'147','DBGLU','TREATMENT WITH ONE BOTTLE GLUCOSAMINE',44,60,1,0,'2025-06-10 16:37:03.836277','2025-06-10 16:37:03.836277','system_init','system_init');
INSERT INTO "charge_codes" VALUES(295,'1012','CHOND','EXAM, DISPENSE CHONDROCARB JOINT SUPPLEMENT',45,80,1,0,'2025-06-10 16:37:03.836277','2025-06-10 16:37:03.836277','system_init','system_init');
INSERT INTO "charge_codes" VALUES(296,'368','T','EXAM, DISPENSE ONE VIAL OF TRAUMBEL',45,8,1,0,'2025-06-10 16:37:03.836277','2025-06-10 16:37:03.836277','system_init','system_init');
INSERT INTO "charge_codes" VALUES(297,'367','Z','EXAM, DISPENSE ONE VIAL OF ZEEL',45,8,1,0,'2025-06-10 16:37:03.836277','2025-06-10 16:37:03.836277','system_init','system_init');
INSERT INTO "charge_codes" VALUES(298,'879','DMSOP','EXAM, DISPENSE DMSO 1 PINT',46,35,1,0,'2025-06-10 16:37:03.836277','2025-06-10 16:37:03.836277','system_init','system_init');
INSERT INTO "charge_codes" VALUES(299,'882','DMSOG','EXAM, DISPENSE DMSO GEL',46,15,1,0,'2025-06-10 16:37:03.836277','2025-06-10 16:37:03.836277','system_init','system_init');
INSERT INTO "charge_codes" VALUES(300,'881','FURSW','EXAM, DISPENSE ONE PT FURACIN SWEAT',46,25,1,0,'2025-06-10 16:37:03.836277','2025-06-10 16:37:03.836277','system_init','system_init');
INSERT INTO "charge_codes" VALUES(301,'36','RIT','EXAM, TREATMENT WITH RITE''S PAINT',46,25,1,0,'2025-06-10 16:37:03.836277','2025-06-10 16:37:03.836277','system_init','system_init');
INSERT INTO "charge_codes" VALUES(302,'953','N19B','BOX OF 19 X 1 1/2" NEEDLES',47,25,1,0,'2025-06-10 16:37:03.836277','2025-06-10 16:37:03.836277','system_init','system_init');
INSERT INTO "charge_codes" VALUES(303,'933','N16B','EXAM, DISPENSE 16G NEEDLES 100 CT.',47,20,1,0,'2025-06-10 16:37:03.836277','2025-06-10 16:37:03.836277','system_init','system_init');
INSERT INTO "charge_codes" VALUES(304,'937','N20B','EXAM, DISPENSE 20g NEEDLES 100 CT.',47,25,1,0,'2025-06-10 16:37:03.836277','2025-06-10 16:37:03.836277','system_init','system_init');
INSERT INTO "charge_codes" VALUES(305,'935','N18B','EXAM, DISPENSE BOX 18 G NEEDLES',47,25,1,0,'2025-06-10 16:37:03.836277','2025-06-10 16:37:03.836277','system_init','system_init');
INSERT INTO "charge_codes" VALUES(306,'944','S12B','EXAM, DISPENSE BOX OF 12 CC SYRINGES',47,30,1,0,'2025-06-10 16:37:03.836277','2025-06-10 16:37:03.836277','system_init','system_init');
INSERT INTO "charge_codes" VALUES(307,'946','S20B','EXAM, DISPENSE BOX OF 20 CC SYRINGES',47,35,1,0,'2025-06-10 16:37:03.836277','2025-06-10 16:37:03.836277','system_init','system_init');
INSERT INTO "charge_codes" VALUES(308,'940','S3B','EXAM, DISPENSE BOX OF 3 CC SYRINGES',47,25,1,0,'2025-06-10 16:37:03.836277','2025-06-10 16:37:03.836277','system_init','system_init');
INSERT INTO "charge_codes" VALUES(309,'947','S35B','EXAM, DISPENSE BOX OF 35 CC SYRINGES',47,40,1,0,'2025-06-10 16:37:03.836277','2025-06-10 16:37:03.836277','system_init','system_init');
INSERT INTO "charge_codes" VALUES(310,'948','S6B','EXAM, DISPENSE BOX OF 6 CC SYRINGES',47,25,1,0,'2025-06-10 16:37:03.836277','2025-06-10 16:37:03.836277','system_init','system_init');
INSERT INTO "charge_codes" VALUES(311,'950','S60B','EXAM, DISPENSE BOX OF 60 CC SYRINGES',47,30,1,0,'2025-06-10 16:37:03.836277','2025-06-10 16:37:03.836277','system_init','system_init');
INSERT INTO "charge_codes" VALUES(312,'951','DS','EXAM, DISPENSE DOSING SYRINGE',47,4,1,0,'2025-06-10 16:37:03.836277','2025-06-10 16:37:03.836277','system_init','system_init');
INSERT INTO "charge_codes" VALUES(313,'949','S60','EXAM, DISPENSE ONE 60 CC SYRINGE',47,2,1,0,'2025-06-10 16:37:03.836277','2025-06-10 16:37:03.836277','system_init','system_init');
INSERT INTO "charge_codes" VALUES(314,'7023',NULL,'100 SCOOP APPLE FLAVORED PHENYLBUTAZONE POWDER',48,45,1,0,'2025-06-10 16:37:03.836277','2025-06-10 16:37:03.836277','system_init','system_init');
INSERT INTO "charge_codes" VALUES(315,'4960','BQUI','BQUIOX PASTE',48,0,1,0,'2025-06-10 16:37:03.836277','2025-06-10 16:37:03.836277','system_init','system_init');
INSERT INTO "charge_codes" VALUES(316,'82','DBARQ','EXAM, DISPENSE BOTTLE OF ARQUEL',48,50,1,0,'2025-06-10 16:37:03.836277','2025-06-10 16:37:03.836277','system_init','system_init');
INSERT INTO "charge_codes" VALUES(317,'897','DBASA','EXAM, DISPENSE ONE BOTTLE OF ASPIRIN 100 ML',48,40,1,0,'2025-06-10 16:37:03.836277','2025-06-10 16:37:03.836277','system_init','system_init');
INSERT INTO "charge_codes" VALUES(318,'24','DBANP','EXAM, DISPENSE TREATMENT WITH BANAMINE PASTE',48,45,1,0,'2025-06-10 16:37:03.836277','2025-06-10 16:37:03.836277','system_init','system_init');
INSERT INTO "charge_codes" VALUES(319,'836','DPB12','EXAM, DISPENSE TUBE OF PHENYLBUTAZONE PASTE 12g',48,40,1,0,'2025-06-10 16:37:03.836277','2025-06-10 16:37:03.836277','system_init','system_init');
INSERT INTO "charge_codes" VALUES(320,'6051','BUTP','ORAL PHENYLBUTAZONE POWDER 100 SCOOP CONTAINER',48,45,1,0,'2025-06-10 16:37:03.836277','2025-06-10 16:37:03.836277','system_init','system_init');
INSERT INTO "charge_codes" VALUES(321,'905','DBPRED','EXAM, DISPENSE 1000CT BOTTLE PREDNISOLONE 20MG TABS.',49,120,1,0,'2025-06-10 16:37:03.836277','2025-06-10 16:37:03.836277','system_init','system_init');
INSERT INTO "charge_codes" VALUES(322,'851','IS','EXAM, DISPENSE ISOXSUPRINE TABLETS',49,42,1,0,'2025-06-10 16:37:03.836277','2025-06-10 16:37:03.836277','system_init','system_init');
INSERT INTO "charge_codes" VALUES(323,'852','NAQ','EXAM, DISPENSE NAQUASONE BOLUS',49,5,1,0,'2025-06-10 16:37:03.836277','2025-06-10 16:37:03.836277','system_init','system_init');
INSERT INTO "charge_codes" VALUES(324,'21','NAQP','EXAM, DISPENSE NAQUASONE PASTE',49,28,1,0,'2025-06-10 16:37:03.836277','2025-06-10 16:37:03.836277','system_init','system_init');
INSERT INTO "charge_codes" VALUES(325,'6033','UCII','FLEXADIN UCII POWDER ORAL',49,167,1,0,'2025-06-10 16:37:03.836277','2025-06-10 16:37:03.836277','system_init','system_init');
INSERT INTO "charge_codes" VALUES(326,'527','O','EXAM AND DISPENSE OPTHALMIC MEDICATION',50,40,1,0,'2025-06-10 16:37:03.836277','2025-06-10 16:37:03.836277','system_init','system_init');
INSERT INTO "charge_codes" VALUES(327,'29','DBCAM','EXAM DISPENSE BOTTLE OF CAMPHOR',51,30,1,0,'2025-06-10 16:37:03.836277','2025-06-10 16:37:03.836277','system_init','system_init');
INSERT INTO "charge_codes" VALUES(328,'554','ALB','EXAM, DISPENSE ALBUTEROL SYRUP',51,20,1,0,'2025-06-10 16:37:03.836277','2025-06-10 16:37:03.836277','system_init','system_init');
INSERT INTO "charge_codes" VALUES(329,'533','BH','EXAM, DISPENSE ANTIHISTAMINE GRANULES',51,35,1,0,'2025-06-10 16:37:03.836277','2025-06-10 16:37:03.836277','system_init','system_init');
INSERT INTO "charge_codes" VALUES(330,'997','DBACTL','EXAM, DISPENSE BOTTLE OF ACETYLCYSTEINE 100 CC',51,60,1,0,'2025-06-10 16:37:03.836277','2025-06-10 16:37:03.836277','system_init','system_init');
INSERT INTO "charge_codes" VALUES(331,'130','DI','EXAM, DISPENSE BOTTLE OF DIAMINE IODIDE POWDER',51,30,1,0,'2025-06-10 16:37:03.836277','2025-06-10 16:37:03.836277','system_init','system_init');
INSERT INTO "charge_codes" VALUES(332,'1255','DBINT','EXAM, DISPENSE BOTTLE OF INTAL 20 MG/2 ML',51,30,1,0,'2025-06-10 16:37:03.836277','2025-06-10 16:37:03.836277','system_init','system_init');
INSERT INTO "charge_codes" VALUES(333,'127','DBKR','EXAM, DISPENSE BOTTLE OF KENTUCKY RED',51,60,1,0,'2025-06-10 16:37:03.836277','2025-06-10 16:37:03.836277','system_init','system_init');
INSERT INTO "charge_codes" VALUES(334,'5503',NULL,'EXAM, DISPENSE BOTTLE OF L ARGININE',51,30,1,0,'2025-06-10 16:37:03.836277','2025-06-10 16:37:03.836277','system_init','system_init');
INSERT INTO "charge_codes" VALUES(335,'1500','DBMET','EXAM, DISPENSE BOTTLE OF METICORT',51,40,1,0,'2025-06-10 16:37:03.836277','2025-06-10 16:37:03.836277','system_init','system_init');
INSERT INTO "charge_codes" VALUES(336,'890','VENT','EXAM, DISPENSE BOTTLE OF VENTIPULMIN SYRUP 100 ML',51,140,1,0,'2025-06-10 16:37:03.836277','2025-06-10 16:37:03.836277','system_init','system_init');
INSERT INTO "charge_codes" VALUES(337,'1011','VENTL','EXAM, DISPENSE BOTTLE OF VENTIPULMIN SYRUP 330 ML',51,300,1,0,'2025-06-10 16:37:03.836277','2025-06-10 16:37:03.836277','system_init','system_init');
INSERT INTO "charge_codes" VALUES(338,'1008','CKP','EXAM, DISPENSE C.K. POWDER',51,30,1,0,'2025-06-10 16:37:03.836277','2025-06-10 16:37:03.836277','system_init','system_init');
INSERT INTO "charge_codes" VALUES(339,'131','CE','EXAM, DISPENSE COUGH BASE SYRUP',51,30,1,0,'2025-06-10 16:37:03.836277','2025-06-10 16:37:03.836277','system_init','system_init');
INSERT INTO "charge_codes" VALUES(340,'64','TUCOL','EXAM, DISPENSE LARGE CONTAINER OF TUCOPRIM',51,180,1,0,'2025-06-10 16:37:03.836277','2025-06-10 16:37:03.836277','system_init','system_init');
INSERT INTO "charge_codes" VALUES(341,'6877','NEB','NEBULISER SOLUTION 500ML',51,50,1,0,'2025-06-10 16:37:03.836277','2025-06-10 16:37:03.836277','system_init','system_init');
INSERT INTO "charge_codes" VALUES(342,'865','ICH','EXAM, DISPENSE 1LB. ICTHAMMOL',52,15,1,0,'2025-06-10 16:37:03.836277','2025-06-10 16:37:03.836277','system_init','system_init');
INSERT INTO "charge_codes" VALUES(343,'26','FURSP','EXAM, DISPENSE FURACIN SPRAY',52,20,1,0,'2025-06-10 16:37:03.836277','2025-06-10 16:37:03.836277','system_init','system_init');
INSERT INTO "charge_codes" VALUES(344,'866','P8','EXAM, DISPENSE PANALOG 8 oz.',52,90,1,0,'2025-06-10 16:37:03.836277','2025-06-10 16:37:03.836277','system_init','system_init');
INSERT INTO "charge_codes" VALUES(345,'867','P30','EXAM, DISPENSE PANALOG TUBE 30 ML',52,20,1,0,'2025-06-10 16:37:03.836277','2025-06-10 16:37:03.836277','system_init','system_init');
INSERT INTO "charge_codes" VALUES(346,'9631','SUR','SURPASS TOPICAL ANTI INFLAMMATORY CREAM',52,70,1,0,'2025-06-10 16:37:03.836277','2025-06-10 16:37:03.836277','system_init','system_init');
INSERT INTO "charge_codes" VALUES(347,'542','DBACK','EXAM, DISPENSE BOTTLE OF ACEPROMAZINE MALEATE',53,30,1,0,'2025-06-10 16:37:03.836277','2025-06-10 16:37:03.836277','system_init','system_init');
INSERT INTO "charge_codes" VALUES(348,'1013','DBDET','EXAM, DISPENSE BOTTLE OF DETOMIDINE HCL 30ML',53,400,1,0,'2025-06-10 16:37:03.836277','2025-06-10 16:37:03.836277','system_init','system_init');
INSERT INTO "charge_codes" VALUES(349,'909','DROBB','EXAM, DISPENSE BOTTLE OF METHOCARBONAL 100 CC',53,44,1,0,'2025-06-10 16:37:03.836277','2025-06-10 16:37:03.836277','system_init','system_init');
INSERT INTO "charge_codes" VALUES(350,'547','DTR','EXAM, DISPENSE BOTTLE OF METHOCARBONAL TABLETS 500 CT.',53,110,1,0,'2025-06-10 16:37:03.836277','2025-06-10 16:37:03.836277','system_init','system_init');
INSERT INTO "charge_codes" VALUES(351,'394','DBRES','EXAM, DISPENSE BOTTLE OF RESERPINE',53,50,1,0,'2025-06-10 16:37:03.836277','2025-06-10 16:37:03.836277','system_init','system_init');
INSERT INTO "charge_codes" VALUES(352,'550','DBX','EXAM, DISPENSE BOTTLE OF XYLAZINE',53,80,1,0,'2025-06-10 16:37:03.836277','2025-06-10 16:37:03.836277','system_init','system_init');
INSERT INTO "charge_codes" VALUES(353,'27','DILP','EXAM, DISPENSE TREATMENT WITH DILANTIN PASTE',53,28,1,0,'2025-06-10 16:37:03.836277','2025-06-10 16:37:03.836277','system_init','system_init');
INSERT INTO "charge_codes" VALUES(354,'1589','ERY','ERYTHO EQ BLOOD BUILDER ORAL POWDER',54,85,1,0,'2025-06-10 16:37:03.836277','2025-06-10 16:37:03.836277','system_init','system_init');
INSERT INTO "charge_codes" VALUES(355,'587','DBHEMO','EXAM DISPENSE BOTTLE OF HEMO/150 100ML',54,30,1,0,'2025-06-10 16:37:03.836277','2025-06-10 16:37:03.836277','system_init','system_init');
INSERT INTO "charge_codes" VALUES(356,'567','DBB12','EXAM, DISPENSE BOTTLE OF B-12 3000 MCG 100 CC',54,15,1,0,'2025-06-10 16:37:03.836277','2025-06-10 16:37:03.836277','system_init','system_init');
INSERT INTO "charge_codes" VALUES(357,'563','DBBC','EXAM, DISPENSE BOTTLE OF B-COMPLEX VITAMINS',54,15,1,0,'2025-06-10 16:37:03.836277','2025-06-10 16:37:03.836277','system_init','system_init');
INSERT INTO "charge_codes" VALUES(358,'561','DBCIC','EXAM, DISPENSE BOTTLE OF CACO-COPPER',54,25,1,0,'2025-06-10 16:37:03.836277','2025-06-10 16:37:03.836277','system_init','system_init');
INSERT INTO "charge_codes" VALUES(359,'559','DBLIV','EXAM, DISPENSE BOTTLE OF DELVOREX',54,25,1,0,'2025-06-10 16:37:03.836277','2025-06-10 16:37:03.836277','system_init','system_init');
INSERT INTO "charge_codes" VALUES(360,'556','DBHIP','EXAM, DISPENSE BOTTLE OF HIP IRON',54,60,1,0,'2025-06-10 16:37:03.836277','2025-06-10 16:37:03.836277','system_init','system_init');
INSERT INTO "charge_codes" VALUES(361,'150','DBLIPO','EXAM, DISPENSE BOTTLE OF LIPOTROPES',54,30,1,0,'2025-06-10 16:37:03.836277','2025-06-10 16:37:03.836277','system_init','system_init');
INSERT INTO "charge_codes" VALUES(362,'565','DBC','EXAM, DISPENSE BOTTLE OF VITAMIN C 100 ML',54,15,1,0,'2025-06-10 16:37:03.836277','2025-06-10 16:37:03.836277','system_init','system_init');
INSERT INTO "charge_codes" VALUES(363,'1253','DBCL','EXAM, DISPENSE BOTTLE OF VITAMIN C 250 ML',54,20,1,0,'2025-06-10 16:37:03.836277','2025-06-10 16:37:03.836277','system_init','system_init');
INSERT INTO "charge_codes" VALUES(364,'45','DBIAS','EXAM, DISPENSE BOTTLE OF WESTERN FORMULA',54,25,1,0,'2025-06-10 16:37:03.836277','2025-06-10 16:37:03.836277','system_init','system_init');
INSERT INTO "charge_codes" VALUES(365,'449','ELEC','EXAM, DISPENSE BUCKET OF ELECTROLYTES 25#',54,75,1,0,'2025-06-10 16:37:03.836277','2025-06-10 16:37:03.836277','system_init','system_init');
INSERT INTO "charge_codes" VALUES(366,'346','HIPP','EXAM, DISPENSE HIPPARION POWDER',54,100,1,0,'2025-06-10 16:37:03.836277','2025-06-10 16:37:03.836277','system_init','system_init');
INSERT INTO "charge_codes" VALUES(367,'570','MMD','EXAM, DISPENSE MISCELLANEOUS MEDICATION',54,0,1,0,'2025-06-10 16:37:03.836277','2025-06-10 16:37:03.836277','system_init','system_init');
INSERT INTO "charge_codes" VALUES(368,'448','FOLIC','EXAM, DISPENSE TREATMENT OF FOLIC ACID',54,40,1,0,'2025-06-10 16:37:03.836277','2025-06-10 16:37:03.836277','system_init','system_init');
INSERT INTO "charge_codes" VALUES(369,'66','DBB15','EXAM, DISPENSE TREATMENT WITH ONE BOTTLE OF B-15',54,20,1,0,'2025-06-10 16:37:03.836277','2025-06-10 16:37:03.836277','system_init','system_init');
INSERT INTO "charge_codes" VALUES(370,'6677','DBFOL','FOLIC ACID INJECTABLE BOTTLE 100 CC',54,25,1,0,'2025-06-10 16:37:03.836277','2025-06-10 16:37:03.836277','system_init','system_init');
INSERT INTO "charge_codes" VALUES(371,'399','RL','EXAM, DISPENSE RED LUNG PLUS POWDER',55,90,1,0,'2025-06-10 16:37:03.836277','2025-06-10 16:37:03.836277','system_init','system_init');
INSERT INTO "charge_codes" VALUES(372,'9990','NAV','EXAM AND DISPENSE 28 DAY SUPPLY OF NAVIGATOR PASTE-EPM TXT',56,1200,1,0,'2025-06-10 16:37:03.836277','2025-06-10 16:37:03.836277','system_init','system_init');
INSERT INTO "charge_codes" VALUES(373,'9994','CYP','EXAM, DISPENSE 100 ML CYPROHEPTADINE 100MG/MG',56,150,1,0,'2025-06-10 16:37:03.836277','2025-06-10 16:37:03.836277','system_init','system_init');
INSERT INTO "charge_codes" VALUES(374,'376','DBADN','EXAM, DISPENSE BOTTLE OF ADENOSINE',56,25,1,0,'2025-06-10 16:37:03.836277','2025-06-10 16:37:03.836277','system_init','system_init');
INSERT INTO "charge_codes" VALUES(375,'1258','DBCYPR','EXAM, DISPENSE BOTTLE OF CYPROHEPTADINE 120 ML',56,125,1,0,'2025-06-10 16:37:03.836277','2025-06-10 16:37:03.836277','system_init','system_init');
INSERT INTO "charge_codes" VALUES(376,'141','DBWNV','EXAM, DISPENSE BOTTLE OF WEST NILE VACCINE',56,150,1,0,'2025-06-10 16:37:03.836277','2025-06-10 16:37:03.836277','system_init','system_init');
INSERT INTO "charge_codes" VALUES(377,'65','CK','EXAM, DISPENSE C.K. POWDER',56,25,1,0,'2025-06-10 16:37:03.836277','2025-06-10 16:37:03.836277','system_init','system_init');
INSERT INTO "charge_codes" VALUES(378,'500','ETHER','EXAM, DISPENSE ETHER',56,20,1,0,'2025-06-10 16:37:03.836277','2025-06-10 16:37:03.836277','system_init','system_init');
INSERT INTO "charge_codes" VALUES(379,'374','NL','EXAM, DISPENSE NEIGH-LOX',56,200,1,0,'2025-06-10 16:37:03.836277','2025-06-10 16:37:03.836277','system_init','system_init');
INSERT INTO "charge_codes" VALUES(380,'250','MARQ','EXAM, DISPENSE TUBE OF MARQUIS',56,280,1,0,'2025-06-10 16:37:03.836277','2025-06-10 16:37:03.836277','system_init','system_init');
INSERT INTO "charge_codes" VALUES(381,'5908','CASL','CASLICKS PROCEEDURE',58,115,1,0,'2025-06-10 16:37:03.836277','2025-06-10 16:37:03.836277','system_init','system_init');
INSERT INTO "charge_codes" VALUES(382,'1275','BREED','INSEMINATE MARE',58,50,1,0,'2025-06-10 16:37:03.836277','2025-06-10 16:37:03.836277','system_init','system_init');
INSERT INTO "charge_codes" VALUES(383,'450','REC','RECTAL PALPATION',58,40,1,0,'2025-06-10 16:37:03.836277','2025-06-10 16:37:03.836277','system_init','system_init');
INSERT INTO "charge_codes" VALUES(384,'98','US','ULTRASOUND FOR PREGNANCY',58,60,1,0,'2025-06-10 16:37:03.836277','2025-06-10 16:37:03.836277','system_init','system_init');
INSERT INTO "charge_codes" VALUES(385,'501','CAST','CASTRATION',59,500,1,0,'2025-06-10 16:37:03.836277','2025-06-10 16:37:03.836277','system_init','system_init');
INSERT INTO "charge_codes" VALUES(386,'1256','CRYO','CRYOSURGICAL PROCEDURE',59,150,1,0,'2025-06-10 16:37:03.836277','2025-06-10 16:37:03.836277','system_init','system_init');
INSERT INTO "charge_codes" VALUES(387,'503','CUT1','SUTURE LACERATION',59,70,1,0,'2025-06-10 16:37:03.836277','2025-06-10 16:37:03.836277','system_init','system_init');
INSERT INTO "charge_codes" VALUES(388,'5030','SR','SUTURE REMOVAL',59,20,1,0,'2025-06-10 16:37:03.836277','2025-06-10 16:37:03.836277','system_init','system_init');
INSERT INTO "charge_codes" VALUES(389,'95','BAND','BANDAGE LEG',61,60,1,0,'2025-06-10 16:37:03.836277','2025-06-10 16:37:03.836277','system_init','system_init');
INSERT INTO "charge_codes" VALUES(390,'1001','GEL','EXAM, DISPENSE GEL CAST',61,15,1,0,'2025-06-10 16:37:03.836277','2025-06-10 16:37:03.836277','system_init','system_init');
INSERT INTO "charge_codes" VALUES(391,'99','ACU','ACUPUNCTURE',62,100,1,0,'2025-06-10 16:37:03.836277','2025-06-10 16:37:03.836277','system_init','system_init');
INSERT INTO "charge_codes" VALUES(392,'1000','CS','CLEAN SHEATH',62,60,1,0,'2025-06-10 16:37:03.836277','2025-06-10 16:37:03.836277','system_init','system_init');
INSERT INTO "charge_codes" VALUES(393,'999','DP','DRENCH PROCEDURE',62,50,1,0,'2025-06-10 16:37:03.836277','2025-06-10 16:37:03.836277','system_init','system_init');
INSERT INTO "charge_codes" VALUES(394,'23','SW','EXTRACORPOREAL SHOCK WAVE THERAPY',62,100,1,0,'2025-06-10 16:37:03.836277','2025-06-10 16:37:03.836277','system_init','system_init');
INSERT INTO "charge_codes" VALUES(395,'38','SWR','EXTRACORPOREAL SHOCK WAVE THERAPY',62,150,1,0,'2025-06-10 16:37:03.836277','2025-06-10 16:37:03.836277','system_init','system_init');
INSERT INTO "charge_codes" VALUES(396,'92','FGP','FLUSH GUTTERAL POUCHES WITH ANTIBIOTICS AND FLUIDS',62,30,1,0,'2025-06-10 16:37:03.836277','2025-06-10 16:37:03.836277','system_init','system_init');
INSERT INTO "charge_codes" VALUES(397,'93','FNLD','FLUSH NASOLACRIMAL DUCT',62,15,1,0,'2025-06-10 16:37:03.836277','2025-06-10 16:37:03.836277','system_init','system_init');
INSERT INTO "charge_codes" VALUES(398,'106','BURSA','INJECT NAVICULAR BURSAS',62,100,1,0,'2025-06-10 16:37:03.836277','2025-06-10 16:37:03.836277','system_init','system_init');
INSERT INTO "charge_codes" VALUES(399,'310','IP','INJECT PALATE',62,40,1,0,'2025-06-10 16:37:03.836277','2025-06-10 16:37:03.836277','system_init','system_init');
INSERT INTO "charge_codes" VALUES(400,'1007','INLFSP','INJECTION OF LEFT FRONT SPLINT',62,50,1,0,'2025-06-10 16:37:03.836277','2025-06-10 16:37:03.836277','system_init','system_init');
INSERT INTO "charge_codes" VALUES(401,'1006','INLHSP','INJECTION OF LEFT HIND SPLINT',62,50,1,0,'2025-06-10 16:37:03.836277','2025-06-10 16:37:03.836277','system_init','system_init');
INSERT INTO "charge_codes" VALUES(402,'1005','INRFSP','INJECTION OF RIGHT FRONT SPLINT',62,50,1,0,'2025-06-10 16:37:03.836277','2025-06-10 16:37:03.836277','system_init','system_init');
INSERT INTO "charge_codes" VALUES(403,'1004','INRHSP','INJECTION OF RIGHT HIND SPLINT',62,50,1,0,'2025-06-10 16:37:03.836277','2025-06-10 16:37:03.836277','system_init','system_init');
INSERT INTO "charge_codes" VALUES(404,'707','PRD','POST TRAINING/RACE DRENCH WITH VITAMINS AND ELECTROLYTES',62,25,1,0,'2025-06-10 16:37:03.836277','2025-06-10 16:37:03.836277','system_init','system_init');
INSERT INTO "charge_codes" VALUES(405,'739','PS','PROFESSIONAL SERVICE',62,0,1,0,'2025-06-10 16:37:03.836277','2025-06-10 16:37:03.836277','system_init','system_init');
INSERT INTO "charge_codes" VALUES(406,'5000','BD','BOARD',63,500,1,0,'2025-06-10 16:37:03.836277','2025-06-10 16:37:03.836277','system_init','system_init');
INSERT INTO "charge_codes" VALUES(407,'5002','DBD','DAILY BOARD',63,18,1,0,'2025-06-10 16:37:03.836277','2025-06-10 16:37:03.836277','system_init','system_init');
INSERT INTO "charge_codes" VALUES(408,'5003','PRBD','DAILY LAY-UP BOARD',63,20,1,0,'2025-06-10 16:37:03.836277','2025-06-10 16:37:03.836277','system_init','system_init');
INSERT INTO "charge_codes" VALUES(409,'3126','EN','FLEET ENEMA',63,10,1,0,'2025-06-10 16:37:03.836277','2025-06-10 16:37:03.836277','system_init','system_init');
INSERT INTO "charge_codes" VALUES(410,'9452','HOSP','HOSPITALIZATION',63,30,1,0,'2025-06-10 16:37:03.836277','2025-06-10 16:37:03.836277','system_init','system_init');
INSERT INTO "charge_codes" VALUES(411,'5001','LBD','LAY-UP BOARD',63,550,1,0,'2025-06-10 16:37:03.836277','2025-06-10 16:37:03.836277','system_init','system_init');
INSERT INTO "charge_codes" VALUES(412,'5005','MFB','MARE AND FOAL BOARD',63,600,1,0,'2025-06-10 16:37:03.836277','2025-06-10 16:37:03.836277','system_init','system_init');
INSERT INTO "charge_codes" VALUES(413,'808','RT','POST EXERCISE MEDICATION FOR RESPIRATORY AND TYING-UP',63,40,1,0,'2025-06-10 16:37:03.836277','2025-06-10 16:37:03.836277','system_init','system_init');
INSERT INTO "charge_codes" VALUES(414,'19','TRYP','TRYPZYME SPRAY',63,35,1,0,'2025-06-10 16:37:03.836277','2025-06-10 16:37:03.836277','system_init','system_init');
CREATE TABLE communication_logs (
	log_id INTEGER NOT NULL, 
	summary VARCHAR(255), 
	created_date DATETIME NOT NULL, 
	modified_date DATETIME NOT NULL, 
	created_by VARCHAR(50), 
	modified_by VARCHAR(50), 
	PRIMARY KEY (log_id)
);
CREATE TABLE company_profile (
	id INTEGER NOT NULL, 
	company_name VARCHAR(255) NOT NULL, 
	address_line1 VARCHAR(255), 
	address_line2 VARCHAR(255), 
	city VARCHAR(100), 
	state VARCHAR(100), 
	zip_code VARCHAR(20), 
	phone VARCHAR(50), 
	email VARCHAR(255), 
	website VARCHAR(255), 
	logo_path VARCHAR(512), 
	notes TEXT, 
	created_date DATETIME NOT NULL, 
	modified_date DATETIME NOT NULL, 
	created_by VARCHAR(50), 
	modified_by VARCHAR(50), 
	PRIMARY KEY (id)
);
INSERT INTO "company_profile" VALUES(1,'East Coast Equine Performance, LLC','191 Route 545','','Chesterfield','New Jersey','08515','609 298-0786','eastcoastequine@msn.com','ecequine.com','',NULL,'2025-06-10 16:42:44.673639','2025-06-10 16:42:44.673639','ADMIN','ADMIN');
CREATE TABLE documents (
	document_id INTEGER NOT NULL, 
	file_path VARCHAR(255), 
	created_date DATETIME NOT NULL, 
	modified_date DATETIME NOT NULL, 
	created_by VARCHAR(50), 
	modified_by VARCHAR(50), 
	PRIMARY KEY (document_id)
);
CREATE TABLE drugs (
	drug_id INTEGER NOT NULL, 
	name VARCHAR(100), 
	created_date DATETIME NOT NULL, 
	modified_date DATETIME NOT NULL, 
	created_by VARCHAR(50), 
	modified_by VARCHAR(50), 
	PRIMARY KEY (drug_id)
);
CREATE TABLE horse_locations (
	id INTEGER NOT NULL, 
	horse_id INTEGER NOT NULL, 
	location_id INTEGER NOT NULL, 
	date_arrived DATE NOT NULL, 
	date_departed DATE, 
	notes TEXT, 
	is_current_location BOOLEAN NOT NULL, 
	created_date DATETIME NOT NULL, 
	modified_date DATETIME NOT NULL, 
	created_by VARCHAR(50), 
	modified_by VARCHAR(50), 
	PRIMARY KEY (id), 
	FOREIGN KEY(horse_id) REFERENCES horses (horse_id), 
	FOREIGN KEY(location_id) REFERENCES locations (location_id)
);
INSERT INTO "horse_locations" VALUES(1,1,3,'2025-06-10',NULL,NULL,1,'2025-06-10 16:46:23.960680','2025-06-10 16:46:23.960680','ADMIN','ADMIN');
INSERT INTO "horse_locations" VALUES(2,2,2,'2025-06-10',NULL,NULL,1,'2025-06-10 16:49:29.413303','2025-06-10 16:49:29.413303','ADMIN','ADMIN');
CREATE TABLE horse_owners (
	horse_id INTEGER NOT NULL, 
	owner_id INTEGER NOT NULL, 
	percentage_ownership NUMERIC(5, 2), 
	PRIMARY KEY (horse_id, owner_id), 
	FOREIGN KEY(horse_id) REFERENCES horses (horse_id), 
	FOREIGN KEY(owner_id) REFERENCES owners (owner_id)
);
INSERT INTO "horse_owners" VALUES(1,3,70);
INSERT INTO "horse_owners" VALUES(1,1,30);
INSERT INTO "horse_owners" VALUES(2,2,100);
CREATE TABLE horses (
	horse_id INTEGER NOT NULL, 
	horse_name VARCHAR(255) NOT NULL, 
	account_number VARCHAR(50), 
	breed VARCHAR(100), 
	color VARCHAR(50), 
	sex VARCHAR(20), 
	date_of_birth DATE, 
	height_hands NUMERIC(4, 2), 
	chip_number VARCHAR(50), 
	tattoo_number VARCHAR(50), 
	reg_number VARCHAR(50), 
	brand VARCHAR(50), 
	band_tag VARCHAR(50), 
	description TEXT, 
	is_active BOOLEAN NOT NULL, 
	date_deceased DATE, 
	coggins_date DATE, 
	current_location_id INTEGER, 
	created_date DATETIME NOT NULL, 
	modified_date DATETIME NOT NULL, 
	created_by VARCHAR(50), 
	modified_by VARCHAR(50), 
	PRIMARY KEY (horse_id), 
	UNIQUE (chip_number), 
	UNIQUE (tattoo_number), 
	FOREIGN KEY(current_location_id) REFERENCES locations (location_id)
);
INSERT INTO "horses" VALUES(1,'Daisy','000987',NULL,NULL,'Stallion','2000-01-01',NULL,NULL,NULL,NULL,NULL,NULL,NULL,1,NULL,'2000-01-01',3,'2025-06-10 16:35:36.479179','2025-06-10 16:47:23.487015','ADMIN','ADMIN');
INSERT INTO "horses" VALUES(2,'Doroni','000923',NULL,NULL,'Stallion','2000-01-01',NULL,NULL,NULL,NULL,NULL,NULL,NULL,1,NULL,'2000-01-01',2,'2025-06-10 16:49:10.760161','2025-06-10 16:49:29.411305','ADMIN','ADMIN');
CREATE TABLE invoices (
	invoice_id INTEGER NOT NULL, 
	owner_id INTEGER NOT NULL, 
	invoice_date DATE NOT NULL, 
	due_date DATE, 
	subtotal NUMERIC(10, 2) NOT NULL, 
	tax_total NUMERIC(10, 2), 
	grand_total NUMERIC(10, 2) NOT NULL, 
	amount_paid NUMERIC(10, 2) NOT NULL, 
	balance_due NUMERIC(10, 2) NOT NULL, 
	status VARCHAR(50) NOT NULL, 
	created_date DATETIME NOT NULL, 
	modified_date DATETIME NOT NULL, 
	created_by VARCHAR(50), 
	modified_by VARCHAR(50), 
	PRIMARY KEY (invoice_id), 
	FOREIGN KEY(owner_id) REFERENCES owners (owner_id)
);
CREATE TABLE locations (
	location_id INTEGER NOT NULL, 
	location_name VARCHAR(100) NOT NULL, 
	address_line1 VARCHAR(100), 
	address_line2 VARCHAR(100), 
	city VARCHAR(50), 
	state_code VARCHAR(10), 
	zip_code VARCHAR(20), 
	country_code VARCHAR(10), 
	phone VARCHAR(20), 
	contact_person VARCHAR(100), 
	email VARCHAR(100), 
	is_active BOOLEAN NOT NULL, 
	created_date DATETIME NOT NULL, 
	modified_date DATETIME NOT NULL, 
	created_by VARCHAR(50), 
	modified_by VARCHAR(50), 
	PRIMARY KEY (location_id), 
	FOREIGN KEY(state_code) REFERENCES state_provinces (state_code)
);
INSERT INTO "locations" VALUES(1,'Main Stable','123 Paddock Lane',NULL,'Equineville','PA','19355','USA',NULL,NULL,NULL,1,'2025-06-10 16:37:03.841269','2025-06-10 16:37:03.841269','system_init','system_init');
INSERT INTO "locations" VALUES(2,'Quarantine Barn','456 Quarantine Rd',NULL,'Equineville','PA','19355','USA',NULL,NULL,NULL,1,'2025-06-10 16:37:03.841269','2025-06-10 16:37:03.841269','system_init','system_init');
INSERT INTO "locations" VALUES(3,'West Wing Stalls','789 Derby Drive',NULL,'Raceburg','KY','40511','USA',NULL,NULL,NULL,1,'2025-06-10 16:37:03.841269','2025-06-10 16:37:03.841269','system_init','system_init');
CREATE TABLE owner_billing_history (
	history_id INTEGER NOT NULL, 
	owner_id INTEGER NOT NULL, 
	entry_date DATETIME, 
	description VARCHAR(255) NOT NULL, 
	amount_change NUMERIC(10, 2) NOT NULL, 
	new_balance NUMERIC(10, 2) NOT NULL, 
	created_date DATETIME NOT NULL, 
	modified_date DATETIME NOT NULL, 
	created_by VARCHAR(50), 
	modified_by VARCHAR(50), 
	PRIMARY KEY (history_id), 
	FOREIGN KEY(owner_id) REFERENCES owners (owner_id)
);
INSERT INTO "owner_billing_history" VALUES(1,1,'2025-06-10 16:56:21.417869','Invoice #1 generated for Daisy.',34.5,34.5,'2025-06-10 16:56:21.417869','2025-06-10 16:56:21.417869','ADMIN',NULL);
INSERT INTO "owner_billing_history" VALUES(2,3,'2025-06-10 16:56:21.418871','Invoice #2 generated for Daisy.',80.5,80.5,'2025-06-10 16:56:21.418871','2025-06-10 16:56:21.418871','ADMIN',NULL);
INSERT INTO "owner_billing_history" VALUES(3,1,'2025-06-10 17:02:04.441490','Invoice #1 deleted by user. Reversal of charges.',-34.5,0,'2025-06-10 17:02:04.441490','2025-06-10 17:02:04.441490','ADMIN',NULL);
INSERT INTO "owner_billing_history" VALUES(4,3,'2025-06-10 17:02:08.178144','Invoice #2 deleted by user. Reversal of charges.',-80.5,0,'2025-06-10 17:02:08.178144','2025-06-10 17:02:08.178144','ADMIN',NULL);
CREATE TABLE owner_payments (
	payment_id INTEGER NOT NULL, 
	owner_id INTEGER NOT NULL, 
	payment_date DATE NOT NULL, 
	amount NUMERIC(10, 2) NOT NULL, 
	payment_method VARCHAR(50) NOT NULL, 
	reference_number VARCHAR(100), 
	notes TEXT, 
	created_date DATETIME NOT NULL, 
	modified_date DATETIME NOT NULL, 
	created_by VARCHAR(50), 
	modified_by VARCHAR(50), 
	PRIMARY KEY (payment_id), 
	FOREIGN KEY(owner_id) REFERENCES owners (owner_id)
);
CREATE TABLE owners (
	owner_id INTEGER NOT NULL, 
	account_number VARCHAR(20), 
	farm_name VARCHAR(100), 
	first_name VARCHAR(50), 
	last_name VARCHAR(50), 
	address_line1 VARCHAR(100), 
	address_line2 VARCHAR(100), 
	city VARCHAR(50), 
	state_code VARCHAR(10), 
	zip_code VARCHAR(20), 
	phone VARCHAR(20), 
	mobile_phone VARCHAR(20), 
	email VARCHAR(100), 
	is_active BOOLEAN NOT NULL, 
	balance NUMERIC(10, 2), 
	credit_limit NUMERIC(10, 2), 
	billing_terms VARCHAR(50), 
	service_charge_rate NUMERIC(5, 2), 
	discount_rate NUMERIC(5, 2), 
	notes TEXT, 
	created_date DATETIME NOT NULL, 
	modified_date DATETIME NOT NULL, 
	created_by VARCHAR(50), 
	modified_by VARCHAR(50), 
	PRIMARY KEY (owner_id), 
	FOREIGN KEY(state_code) REFERENCES state_provinces (state_code)
);
INSERT INTO "owners" VALUES(1,'WC001','Willow Creek Stables','John','Smith','100 Willow Creek Rd',NULL,'Lexington','KY','40502','555-0101',NULL,'john.smith@willowcreek.com',1,0,NULL,NULL,NULL,NULL,NULL,'2025-06-10 16:37:03.832269','2025-06-10 17:02:04.440491','system_init','system_init');
INSERT INTO "owners" VALUES(2,'SD001','Quail Pond Farms','Sarah','Davis','25 Horseman''s Way',NULL,'Ocala','FL','34470','555-0202',NULL,'sarah.davis@email.com',1,0,NULL,NULL,NULL,NULL,NULL,'2025-06-10 16:37:03.832269','2025-06-10 16:37:03.832269','system_init','system_init');
INSERT INTO "owners" VALUES(3,'QP001','Quail Pond Farm','Patrick','Kennedy','191 Route 545',NULL,'Chesterfield','NJ','08515','609 298-0786',NULL,'eastcoastequine@msn.com',1,0,0,NULL,NULL,NULL,NULL,'2025-06-10 16:45:58.014689','2025-06-10 17:02:08.177144','ADMIN','ADMIN');
CREATE TABLE procedures (
	procedure_id INTEGER NOT NULL, 
	name VARCHAR(100), 
	created_date DATETIME NOT NULL, 
	modified_date DATETIME NOT NULL, 
	created_by VARCHAR(50), 
	modified_by VARCHAR(50), 
	PRIMARY KEY (procedure_id)
);
CREATE TABLE reminders (
	reminder_id INTEGER NOT NULL, 
	due_date DATE, 
	created_date DATETIME NOT NULL, 
	modified_date DATETIME NOT NULL, 
	created_by VARCHAR(50), 
	modified_by VARCHAR(50), 
	PRIMARY KEY (reminder_id)
);
CREATE TABLE roles (
	role_id INTEGER NOT NULL, 
	name VARCHAR(50) NOT NULL, 
	description VARCHAR(255), 
	created_date DATETIME NOT NULL, 
	modified_date DATETIME NOT NULL, 
	created_by VARCHAR(50), 
	modified_by VARCHAR(50), 
	PRIMARY KEY (role_id)
);
INSERT INTO "roles" VALUES(1,'ADMIN','System Administrator (auto-created by db_config)','2025-06-10 16:34:27.923530','2025-06-10 16:34:27.923530','SYSTEM_DB_CONFIG','SYSTEM_DB_CONFIG');
INSERT INTO "roles" VALUES(2,'MANAGER','Manager with operational oversight.','2025-06-10 16:37:03.519962','2025-06-10 16:37:03.519962','system_init','system_init');
INSERT INTO "roles" VALUES(3,'VETERINARIAN','Veterinarian providing medical services.','2025-06-10 16:37:03.519962','2025-06-10 16:37:03.519962','system_init','system_init');
INSERT INTO "roles" VALUES(4,'TECHNICIAN','Veterinary technician assisting with procedures.','2025-06-10 16:37:03.519962','2025-06-10 16:37:03.519962','system_init','system_init');
INSERT INTO "roles" VALUES(5,'RECEPTIONIST','Receptionist handling front-desk operations.','2025-06-10 16:37:03.519962','2025-06-10 16:37:03.519962','system_init','system_init');
INSERT INTO "roles" VALUES(6,'CLIENT','Client/Owner accessing their animal''s information (future).','2025-06-10 16:37:03.519962','2025-06-10 16:37:03.519962','system_init','system_init');
CREATE TABLE state_provinces (
	state_province_id INTEGER NOT NULL, 
	state_code VARCHAR(10) NOT NULL, 
	state_name VARCHAR(50) NOT NULL, 
	country_code VARCHAR(10) NOT NULL, 
	is_active BOOLEAN NOT NULL, 
	created_date DATETIME NOT NULL, 
	modified_date DATETIME NOT NULL, 
	created_by VARCHAR(50), 
	modified_by VARCHAR(50), 
	PRIMARY KEY (state_province_id)
);
INSERT INTO "state_provinces" VALUES(1,'AL','Alabama','USA',1,'2025-06-10 16:37:03.576961','2025-06-10 16:37:03.576961','system_init','system_init');
INSERT INTO "state_provinces" VALUES(2,'AK','Alaska','USA',1,'2025-06-10 16:37:03.576961','2025-06-10 16:37:03.576961','system_init','system_init');
INSERT INTO "state_provinces" VALUES(3,'AZ','Arizona','USA',1,'2025-06-10 16:37:03.576961','2025-06-10 16:37:03.576961','system_init','system_init');
INSERT INTO "state_provinces" VALUES(4,'AR','Arkansas','USA',1,'2025-06-10 16:37:03.576961','2025-06-10 16:37:03.576961','system_init','system_init');
INSERT INTO "state_provinces" VALUES(5,'CA','California','USA',1,'2025-06-10 16:37:03.576961','2025-06-10 16:37:03.576961','system_init','system_init');
INSERT INTO "state_provinces" VALUES(6,'CO','Colorado','USA',1,'2025-06-10 16:37:03.576961','2025-06-10 16:37:03.576961','system_init','system_init');
INSERT INTO "state_provinces" VALUES(7,'CT','Connecticut','USA',1,'2025-06-10 16:37:03.576961','2025-06-10 16:37:03.576961','system_init','system_init');
INSERT INTO "state_provinces" VALUES(8,'DE','Delaware','USA',1,'2025-06-10 16:37:03.576961','2025-06-10 16:37:03.576961','system_init','system_init');
INSERT INTO "state_provinces" VALUES(9,'FL','Florida','USA',1,'2025-06-10 16:37:03.576961','2025-06-10 16:37:03.576961','system_init','system_init');
INSERT INTO "state_provinces" VALUES(10,'GA','Georgia','USA',1,'2025-06-10 16:37:03.576961','2025-06-10 16:37:03.576961','system_init','system_init');
INSERT INTO "state_provinces" VALUES(11,'HI','Hawaii','USA',1,'2025-06-10 16:37:03.576961','2025-06-10 16:37:03.576961','system_init','system_init');
INSERT INTO "state_provinces" VALUES(12,'ID','Idaho','USA',1,'2025-06-10 16:37:03.576961','2025-06-10 16:37:03.576961','system_init','system_init');
INSERT INTO "state_provinces" VALUES(13,'IL','Illinois','USA',1,'2025-06-10 16:37:03.576961','2025-06-10 16:37:03.576961','system_init','system_init');
INSERT INTO "state_provinces" VALUES(14,'IN','Indiana','USA',1,'2025-06-10 16:37:03.576961','2025-06-10 16:37:03.576961','system_init','system_init');
INSERT INTO "state_provinces" VALUES(15,'IA','Iowa','USA',1,'2025-06-10 16:37:03.576961','2025-06-10 16:37:03.576961','system_init','system_init');
INSERT INTO "state_provinces" VALUES(16,'KS','Kansas','USA',1,'2025-06-10 16:37:03.576961','2025-06-10 16:37:03.576961','system_init','system_init');
INSERT INTO "state_provinces" VALUES(17,'KY','Kentucky','USA',1,'2025-06-10 16:37:03.576961','2025-06-10 16:37:03.576961','system_init','system_init');
INSERT INTO "state_provinces" VALUES(18,'LA','Louisiana','USA',1,'2025-06-10 16:37:03.576961','2025-06-10 16:37:03.576961','system_init','system_init');
INSERT INTO "state_provinces" VALUES(19,'ME','Maine','USA',1,'2025-06-10 16:37:03.576961','2025-06-10 16:37:03.576961','system_init','system_init');
INSERT INTO "state_provinces" VALUES(20,'MD','Maryland','USA',1,'2025-06-10 16:37:03.576961','2025-06-10 16:37:03.576961','system_init','system_init');
INSERT INTO "state_provinces" VALUES(21,'MA','Massachusetts','USA',1,'2025-06-10 16:37:03.576961','2025-06-10 16:37:03.576961','system_init','system_init');
INSERT INTO "state_provinces" VALUES(22,'MI','Michigan','USA',1,'2025-06-10 16:37:03.576961','2025-06-10 16:37:03.576961','system_init','system_init');
INSERT INTO "state_provinces" VALUES(23,'MN','Minnesota','USA',1,'2025-06-10 16:37:03.576961','2025-06-10 16:37:03.576961','system_init','system_init');
INSERT INTO "state_provinces" VALUES(24,'MS','Mississippi','USA',1,'2025-06-10 16:37:03.576961','2025-06-10 16:37:03.576961','system_init','system_init');
INSERT INTO "state_provinces" VALUES(25,'MO','Missouri','USA',1,'2025-06-10 16:37:03.576961','2025-06-10 16:37:03.576961','system_init','system_init');
INSERT INTO "state_provinces" VALUES(26,'MT','Montana','USA',1,'2025-06-10 16:37:03.576961','2025-06-10 16:37:03.576961','system_init','system_init');
INSERT INTO "state_provinces" VALUES(27,'NE','Nebraska','USA',1,'2025-06-10 16:37:03.576961','2025-06-10 16:37:03.576961','system_init','system_init');
INSERT INTO "state_provinces" VALUES(28,'NV','Nevada','USA',1,'2025-06-10 16:37:03.576961','2025-06-10 16:37:03.576961','system_init','system_init');
INSERT INTO "state_provinces" VALUES(29,'NH','New Hampshire','USA',1,'2025-06-10 16:37:03.576961','2025-06-10 16:37:03.576961','system_init','system_init');
INSERT INTO "state_provinces" VALUES(30,'NJ','New Jersey','USA',1,'2025-06-10 16:37:03.576961','2025-06-10 16:37:03.576961','system_init','system_init');
INSERT INTO "state_provinces" VALUES(31,'NM','New Mexico','USA',1,'2025-06-10 16:37:03.576961','2025-06-10 16:37:03.576961','system_init','system_init');
INSERT INTO "state_provinces" VALUES(32,'NY','New York','USA',1,'2025-06-10 16:37:03.576961','2025-06-10 16:37:03.576961','system_init','system_init');
INSERT INTO "state_provinces" VALUES(33,'NC','North Carolina','USA',1,'2025-06-10 16:37:03.576961','2025-06-10 16:37:03.576961','system_init','system_init');
INSERT INTO "state_provinces" VALUES(34,'ND','North Dakota','USA',1,'2025-06-10 16:37:03.576961','2025-06-10 16:37:03.576961','system_init','system_init');
INSERT INTO "state_provinces" VALUES(35,'OH','Ohio','USA',1,'2025-06-10 16:37:03.576961','2025-06-10 16:37:03.576961','system_init','system_init');
INSERT INTO "state_provinces" VALUES(36,'OK','Oklahoma','USA',1,'2025-06-10 16:37:03.576961','2025-06-10 16:37:03.576961','system_init','system_init');
INSERT INTO "state_provinces" VALUES(37,'OR','Oregon','USA',1,'2025-06-10 16:37:03.576961','2025-06-10 16:37:03.576961','system_init','system_init');
INSERT INTO "state_provinces" VALUES(38,'PA','Pennsylvania','USA',1,'2025-06-10 16:37:03.576961','2025-06-10 16:37:03.576961','system_init','system_init');
INSERT INTO "state_provinces" VALUES(39,'RI','Rhode Island','USA',1,'2025-06-10 16:37:03.576961','2025-06-10 16:37:03.576961','system_init','system_init');
INSERT INTO "state_provinces" VALUES(40,'SC','South Carolina','USA',1,'2025-06-10 16:37:03.576961','2025-06-10 16:37:03.576961','system_init','system_init');
INSERT INTO "state_provinces" VALUES(41,'SD','South Dakota','USA',1,'2025-06-10 16:37:03.576961','2025-06-10 16:37:03.576961','system_init','system_init');
INSERT INTO "state_provinces" VALUES(42,'TN','Tennessee','USA',1,'2025-06-10 16:37:03.576961','2025-06-10 16:37:03.576961','system_init','system_init');
INSERT INTO "state_provinces" VALUES(43,'TX','Texas','USA',1,'2025-06-10 16:37:03.576961','2025-06-10 16:37:03.576961','system_init','system_init');
INSERT INTO "state_provinces" VALUES(44,'UT','Utah','USA',1,'2025-06-10 16:37:03.576961','2025-06-10 16:37:03.576961','system_init','system_init');
INSERT INTO "state_provinces" VALUES(45,'VT','Vermont','USA',1,'2025-06-10 16:37:03.576961','2025-06-10 16:37:03.576961','system_init','system_init');
INSERT INTO "state_provinces" VALUES(46,'VA','Virginia','USA',1,'2025-06-10 16:37:03.576961','2025-06-10 16:37:03.576961','system_init','system_init');
INSERT INTO "state_provinces" VALUES(47,'WA','Washington','USA',1,'2025-06-10 16:37:03.576961','2025-06-10 16:37:03.576961','system_init','system_init');
INSERT INTO "state_provinces" VALUES(48,'WV','West Virginia','USA',1,'2025-06-10 16:37:03.576961','2025-06-10 16:37:03.576961','system_init','system_init');
INSERT INTO "state_provinces" VALUES(49,'WI','Wisconsin','USA',1,'2025-06-10 16:37:03.576961','2025-06-10 16:37:03.576961','system_init','system_init');
INSERT INTO "state_provinces" VALUES(50,'WY','Wyoming','USA',1,'2025-06-10 16:37:03.576961','2025-06-10 16:37:03.576961','system_init','system_init');
INSERT INTO "state_provinces" VALUES(51,'AB','Alberta','CAN',1,'2025-06-10 16:37:03.576961','2025-06-10 16:37:03.576961','system_init','system_init');
INSERT INTO "state_provinces" VALUES(52,'BC','British Columbia','CAN',1,'2025-06-10 16:37:03.576961','2025-06-10 16:37:03.576961','system_init','system_init');
INSERT INTO "state_provinces" VALUES(53,'MB','Manitoba','CAN',1,'2025-06-10 16:37:03.576961','2025-06-10 16:37:03.576961','system_init','system_init');
INSERT INTO "state_provinces" VALUES(54,'NB','New Brunswick','CAN',1,'2025-06-10 16:37:03.576961','2025-06-10 16:37:03.576961','system_init','system_init');
INSERT INTO "state_provinces" VALUES(55,'NL','Newfoundland and Labrador','CAN',1,'2025-06-10 16:37:03.576961','2025-06-10 16:37:03.576961','system_init','system_init');
INSERT INTO "state_provinces" VALUES(56,'NS','Nova Scotia','CAN',1,'2025-06-10 16:37:03.576961','2025-06-10 16:37:03.576961','system_init','system_init');
INSERT INTO "state_provinces" VALUES(57,'ON','Ontario','CAN',1,'2025-06-10 16:37:03.576961','2025-06-10 16:37:03.576961','system_init','system_init');
INSERT INTO "state_provinces" VALUES(58,'PE','Prince Edward Island','CAN',1,'2025-06-10 16:37:03.576961','2025-06-10 16:37:03.576961','system_init','system_init');
INSERT INTO "state_provinces" VALUES(59,'QC','Quebec','CAN',1,'2025-06-10 16:37:03.576961','2025-06-10 16:37:03.576961','system_init','system_init');
INSERT INTO "state_provinces" VALUES(60,'SK','Saskatchewan','CAN',1,'2025-06-10 16:37:03.576961','2025-06-10 16:37:03.576961','system_init','system_init');
CREATE TABLE transactions (
	transaction_id INTEGER NOT NULL, 
	horse_id INTEGER NOT NULL, 
	owner_id INTEGER NOT NULL, 
	invoice_id INTEGER, 
	charge_code_id INTEGER NOT NULL, 
	administered_by_user_id VARCHAR(20), 
	transaction_date DATE NOT NULL, 
	description VARCHAR(255) NOT NULL, 
	quantity NUMERIC(10, 2) NOT NULL, 
	unit_price NUMERIC(10, 2) NOT NULL, 
	total_price NUMERIC(10, 2) NOT NULL, 
	taxable BOOLEAN NOT NULL, 
	item_notes TEXT, 
	status VARCHAR(50) NOT NULL, 
	created_date DATETIME NOT NULL, 
	modified_date DATETIME NOT NULL, 
	created_by VARCHAR(50), 
	modified_by VARCHAR(50), 
	PRIMARY KEY (transaction_id), 
	FOREIGN KEY(horse_id) REFERENCES horses (horse_id), 
	FOREIGN KEY(owner_id) REFERENCES owners (owner_id), 
	FOREIGN KEY(invoice_id) REFERENCES invoices (invoice_id), 
	FOREIGN KEY(charge_code_id) REFERENCES charge_codes (id), 
	FOREIGN KEY(administered_by_user_id) REFERENCES users (user_id)
);
INSERT INTO "transactions" VALUES(1,1,1,NULL,5,'ADMIN','2025-06-10','TREATMENT WITH PANACUR POWER PAC',1,90,90,0,NULL,'PROCESSED','2025-06-10 16:55:51.474669','2025-06-10 16:56:21.419869','ADMIN','ADMIN');
INSERT INTO "transactions" VALUES(2,1,1,NULL,6,'ADMIN','2025-06-10','TREATMENT WITH QUEST',1,25,25,0,NULL,'PROCESSED','2025-06-10 16:55:51.474669','2025-06-10 16:56:21.419869','ADMIN','ADMIN');
INSERT INTO "transactions" VALUES(3,1,1,NULL,258,'ADMIN','2025-06-10','LARGE BOTTLE OF BAYTRIL 100 MG PER ML. 250 CC BOTTLE',1,0,0,0,NULL,'PROCESSED','2025-06-10 16:55:51.474669','2025-06-10 16:56:21.419869','ADMIN','ADMIN');
CREATE TABLE treatment_logs (
	log_id INTEGER NOT NULL, 
	details VARCHAR(255), 
	created_date DATETIME NOT NULL, 
	modified_date DATETIME NOT NULL, 
	created_by VARCHAR(50), 
	modified_by VARCHAR(50), 
	PRIMARY KEY (log_id)
);
CREATE TABLE user_roles (
	user_id VARCHAR(20) NOT NULL, 
	role_id INTEGER NOT NULL, 
	PRIMARY KEY (user_id, role_id), 
	FOREIGN KEY(user_id) REFERENCES users (user_id), 
	FOREIGN KEY(role_id) REFERENCES roles (role_id)
);
INSERT INTO "user_roles" VALUES('ADMIN',1);
INSERT INTO "user_roles" VALUES('tm',3);
CREATE TABLE users (
	user_id VARCHAR(20) NOT NULL, 
	password_hash VARCHAR(255) NOT NULL, 
	user_name VARCHAR(100), 
	email VARCHAR(100), 
	is_active BOOLEAN NOT NULL, 
	last_login DATETIME, 
	printer_id VARCHAR(20), 
	default_screen_colors VARCHAR(100), 
	created_date DATETIME NOT NULL, 
	modified_date DATETIME NOT NULL, 
	created_by VARCHAR(50), 
	modified_by VARCHAR(50), 
	PRIMARY KEY (user_id)
);
INSERT INTO "users" VALUES('ADMIN','$2b$12$2jzbF1dvGse0DgQM438iK.kW/dEdS3x4oAJ.5CW5Qkzme5yuVMMf6','System Administrator','admin@edsi.local',1,'2025-06-10 18:25:52.943430',NULL,NULL,'2025-06-10 16:34:28.083056','2025-06-10 18:25:52.943430','SYSTEM_DB_CONFIG','SYSTEM_DB_CONFIG');
INSERT INTO "users" VALUES('tm','$2b$12$ohxvkhAj2XlUUCoh1znnleMeaAIibWeDAV08xAhe/Vj/PA0f0S3wa','Ted Mazzerisi','eastcoastequine@msn.com',1,'2025-06-10 18:20:41.130155',NULL,NULL,'2025-06-10 18:05:40.217342','2025-06-10 18:20:41.131154','ADMIN','ADMIN');
CREATE TABLE veterinarians (
	vet_id INTEGER NOT NULL, 
	first_name VARCHAR(50) NOT NULL, 
	last_name VARCHAR(50) NOT NULL, 
	license_number VARCHAR(50), 
	specialty VARCHAR(100), 
	phone VARCHAR(20), 
	email VARCHAR(100), 
	is_active BOOLEAN, 
	created_date DATETIME NOT NULL, 
	modified_date DATETIME NOT NULL, 
	created_by VARCHAR(50), 
	modified_by VARCHAR(50), 
	PRIMARY KEY (vet_id), 
	UNIQUE (license_number), 
	UNIQUE (email)
);
INSERT INTO "veterinarians" VALUES(1,'Ted','Mazzerisi','45350566','Equine','732 567-0456','eastcoastequine@msn.com',1,'2025-06-10 18:03:58.401252','2025-06-10 18:03:58.401252','ADMIN','ADMIN');
CREATE INDEX ix_roles_role_id ON roles (role_id);
CREATE UNIQUE INDEX ix_roles_name ON roles (name);
CREATE UNIQUE INDEX ix_users_email ON users (email);
CREATE INDEX ix_users_is_active ON users (is_active);
CREATE INDEX ix_users_user_id ON users (user_id);
CREATE INDEX ix_state_provinces_state_province_id ON state_provinces (state_province_id);
CREATE UNIQUE INDEX ix_state_provinces_state_code ON state_provinces (state_code);
CREATE INDEX ix_charge_code_categories_category_id ON charge_code_categories (category_id);
CREATE INDEX ix_charge_code_categories_name ON charge_code_categories (name);
CREATE INDEX ix_charge_code_categories_is_active ON charge_code_categories (is_active);
CREATE INDEX ix_charge_code_categories_parent_id ON charge_code_categories (parent_id);
CREATE INDEX ix_charge_code_categories_level ON charge_code_categories (level);
CREATE INDEX ix_veterinarians_last_name ON veterinarians (last_name);
CREATE INDEX ix_veterinarians_vet_id ON veterinarians (vet_id);
CREATE INDEX ix_owners_last_name ON owners (last_name);
CREATE INDEX ix_owners_email ON owners (email);
CREATE UNIQUE INDEX ix_owners_account_number ON owners (account_number);
CREATE INDEX ix_owners_owner_id ON owners (owner_id);
CREATE INDEX ix_owners_state_code ON owners (state_code);
CREATE INDEX ix_owners_farm_name ON owners (farm_name);
CREATE INDEX ix_charge_codes_id ON charge_codes (id);
CREATE UNIQUE INDEX ix_charge_codes_code ON charge_codes (code);
CREATE INDEX ix_charge_codes_alternate_code ON charge_codes (alternate_code);
CREATE INDEX ix_charge_codes_category_id ON charge_codes (category_id);
CREATE INDEX ix_locations_location_id ON locations (location_id);
CREATE UNIQUE INDEX ix_locations_location_name ON locations (location_name);
CREATE INDEX ix_locations_email ON locations (email);
CREATE INDEX ix_locations_state_code ON locations (state_code);
CREATE INDEX ix_horses_horse_name ON horses (horse_name);
CREATE INDEX ix_horses_account_number ON horses (account_number);
CREATE INDEX ix_horses_horse_id ON horses (horse_id);
CREATE INDEX ix_owner_billing_history_history_id ON owner_billing_history (history_id);
CREATE INDEX ix_owner_billing_history_owner_id ON owner_billing_history (owner_id);
CREATE INDEX ix_owner_payments_payment_id ON owner_payments (payment_id);
CREATE INDEX ix_owner_payments_owner_id ON owner_payments (owner_id);
CREATE INDEX ix_invoices_invoice_id ON invoices (invoice_id);
CREATE INDEX ix_invoices_status ON invoices (status);
CREATE INDEX ix_invoices_owner_id ON invoices (owner_id);
CREATE INDEX ix_horse_locations_is_current_location ON horse_locations (is_current_location);
CREATE INDEX ix_horse_locations_id ON horse_locations (id);
CREATE INDEX ix_appointments_appointment_id ON appointments (appointment_id);
CREATE INDEX ix_transactions_transaction_id ON transactions (transaction_id);
CREATE INDEX ix_transactions_charge_code_id ON transactions (charge_code_id);
CREATE INDEX ix_transactions_owner_id ON transactions (owner_id);
CREATE INDEX ix_transactions_status ON transactions (status);
CREATE INDEX ix_transactions_horse_id ON transactions (horse_id);
CREATE INDEX ix_transactions_invoice_id ON transactions (invoice_id);
COMMIT;
